Workbook

Sheet ReadMe
A1: PEREPA EDU | AI for Production Planning
A2: Case Study 2 — Raw Material Inventory Optimisation for an Ink Manufacturer
A5: Scenario | B5: ChromaTech Inks Pvt Ltd (same fictional company as Case Study 1) buys pigments,
B6: resins, solvents and additives to feed its mixing line. Stock-outs on a long-lead pigment
B7: can delay a confirmed batch by weeks, not days -- two of the pigments here directly feed
B8: the Medium and Metallic colour families from Case Study 1's order book.
A10: Problem | B10: Purchasing reorders every item on the same flat rule: "reorder when stock falls
B11: below 14 days of average usage." That ignores how much daily usage and lead time
B12: actually vary item to item -- and ignores that a pigment is not as critical as a solvent.
A14: How to use this file | B14: 1. Raw_Material_Data = the 12-item input (do not edit).
B15: 2. ABC_Classification = each item ranked by annual consumption value into A/B/C tiers.
B16: 3. Manual_Policy = today's approach: flat 14-day reorder point for every item.
B17: 4. AI_Naive_Policy = a statistical safety-stock model (95% service level) applied
B18: uniformly to every item, regardless of how critical it is.
B19: 5. Agent_Policy = the same statistical model, but the service level is set by each
B20: item's ABC tier (99% / 95% / 90%), and flagged items get a suggested purchase
B21: quantity respecting vendor MOQ -- this is the step from "a number" to "an action".
B22: 6. Summary = side-by-side comparison + chart.
A24: Assumptions | B24: Ordering cost: INR 1,500/PO. Holding cost: 20% of unit value p.a.
B25: Service levels: Naive = 95% flat. Agent = A 99% / B 95% / C 90%.
A27: Exercise for trainees | B27: Change an item's Lead Time StdDev on Raw_Material_Data and watch its
B28: safety stock and reorder flag move on the AI_Naive_Policy and Agent_Policy sheets -- this
B29: is the single clearest way to show a class why lead-time variability matters as much as
B30: average lead time.

Sheet Raw_Material_Data
A1: Raw_Material_Data (input)
A2: 12 raw materials feeding the mixing line -- usage, lead time and cost statistics
A4: Material ID | B4: Material Name | C4: Category | D4: Colour/Use Family | E4: Avg Daily Usage (kg) | F4: Std Dev Daily (kg) | G4: Lead Time (days) | H4: Lead Time StdDev (days) | I4: Unit Cost (INR/kg) | J4: Current Stock (kg) | K4: MOQ (kg)
A5: RM-01 | B5: Phthalocyanine Blue Pigment | C5: Pigment | D5: Medium/Dark inks | E5: 18 | F5: 6 | G5: 21 | H5: 4 | I5: 2200 | J5: 350 | K5: 100
A6: RM-02 | B6: Titanium Dioxide White Pigment | C6: Pigment | D6: White inks | E6: 35 | F6: 10 | G6: 18 | H6: 3 | I6: 180 | J6: 900 | K6: 250
A7: RM-03 | B7: Carbon Black Pigment | C7: Pigment | D7: Black inks | E7: 22 | F7: 7 | G7: 15 | H7: 3 | I7: 150 | J7: 460 | K7: 200
A8: RM-04 | B8: Rosin Modified Resin | C8: Resin | D8: All flexo inks | E8: 60 | F8: 15 | G8: 10 | H8: 2 | I8: 140 | J8: 850 | K8: 500
A9: RM-05 | B9: Nitrocellulose Resin | C9: Resin | D9: Solvent-based inks | E9: 25 | F9: 8 | G9: 20 | H9: 5 | I9: 310 | J9: 800 | K9: 100
A10: RM-06 | B10: Acrylic Resin | C10: Resin | D10: UV inks | E10: 30 | F10: 9 | G10: 12 | H10: 3 | I10: 210 | J10: 600 | K10: 200
A11: RM-07 | B11: Ethyl Acetate Solvent | C11: Solvent | D11: Solvent-based inks | E11: 80 | F11: 20 | G11: 7 | H11: 1 | I11: 95 | J11: 850 | K11: 500
A12: RM-08 | B12: IPA Solvent | C12: Solvent | D12: Flexo/UV inks | E12: 45 | F12: 12 | G12: 9 | H12: 2 | I12: 110 | J12: 580 | K12: 300
A13: RM-09 | B13: Wax Compound Additive | C13: Additive | D13: Rub resistance | E13: 8 | F13: 3 | G13: 14 | H13: 3 | I13: 320 | J13: 200 | K13: 50
A14: RM-10 | B14: Defoamer Additive | C14: Additive | D14: All inks | E14: 5 | F14: 2 | G14: 10 | H14: 2 | I14: 450 | J14: 100 | K14: 25
A15: RM-11 | B15: Aluminium Paste (Metallic Silver) | C15: Pigment | D15: Metallic inks | E15: 10 | F15: 5 | G15: 30 | H15: 7 | I15: 1800 | J15: 200 | K15: 50
A16: RM-12 | B16: Yellow/Red Organic Pigment | C16: Pigment | D16: Medium inks | E16: 15 | F16: 5 | G16: 16 | H16: 3 | I16: 650 | J16: 340 | K16: 100

Sheet ABC_Classification
A1: ABC_Classification
A2: Materials ranked by annual consumption value (Avg Daily Usage x 365 x Unit Cost)
A4: Rank | B4: Material ID | C4: Material Name | D4: Annual Usage Value (INR) | E4: Cumulative Value (INR) | F4: Cumulative % | G4: ABC Class
A5: 1 | B5: RM-01 | C5: =INDEX(Raw_Material_Data!$B$5:$B$16,MATCH($B5,Raw_Material_Data!$A$5:$A$16,0)) -> Phthalocyanine Blue Pigment | D5: =INDEX(Raw_Material_Data!$E$5:$E$16,MATCH($B5,Raw_Material_Data!$A$5:$A$16,0))*365*INDEX(Raw_Material_Data!$I$5:$I$16,MATCH($B5,Raw_Material_Data!$A$5:$A$16,0)) -> 14454000 | E5: =D5 -> 14454000 | F5: =E5/E$16 -> 0.33915725 | G5: =IF(F5<=0.7,"A",IF(F5<=0.9,"B","C")) -> A
A6: 2 | B6: RM-11 | C6: =INDEX(Raw_Material_Data!$B$5:$B$16,MATCH($B6,Raw_Material_Data!$A$5:$A$16,0)) -> Aluminium Paste (Metallic Silver) | D6: =INDEX(Raw_Material_Data!$E$5:$E$16,MATCH($B6,Raw_Material_Data!$A$5:$A$16,0))*365*INDEX(Raw_Material_Data!$I$5:$I$16,MATCH($B6,Raw_Material_Data!$A$5:$A$16,0)) -> 6570000 | E6: =E5+D6 -> 21024000 | F6: =E6/E$16 -> 0.49331963 | G6: =IF(F6<=0.7,"A",IF(F6<=0.9,"B","C")) -> A
A7: 3 | B7: RM-12 | C7: =INDEX(Raw_Material_Data!$B$5:$B$16,MATCH($B7,Raw_Material_Data!$A$5:$A$16,0)) -> Yellow/Red Organic Pigment | D7: =INDEX(Raw_Material_Data!$E$5:$E$16,MATCH($B7,Raw_Material_Data!$A$5:$A$16,0))*365*INDEX(Raw_Material_Data!$I$5:$I$16,MATCH($B7,Raw_Material_Data!$A$5:$A$16,0)) -> 3558750 | E7: =E6+D7 -> 24582750 | F7: =E7/E$16 -> 0.57682425 | G7: =IF(F7<=0.7,"A",IF(F7<=0.9,"B","C")) -> A
A8: 4 | B8: RM-04 | C8: =INDEX(Raw_Material_Data!$B$5:$B$16,MATCH($B8,Raw_Material_Data!$A$5:$A$16,0)) -> Rosin Modified Resin | D8: =INDEX(Raw_Material_Data!$E$5:$E$16,MATCH($B8,Raw_Material_Data!$A$5:$A$16,0))*365*INDEX(Raw_Material_Data!$I$5:$I$16,MATCH($B8,Raw_Material_Data!$A$5:$A$16,0)) -> 3066000 | E8: =E7+D8 -> 27648750 | F8: =E8/E$16 -> 0.6487667 | G8: =IF(F8<=0.7,"A",IF(F8<=0.9,"B","C")) -> A
A9: 5 | B9: RM-05 | C9: =INDEX(Raw_Material_Data!$B$5:$B$16,MATCH($B9,Raw_Material_Data!$A$5:$A$16,0)) -> Nitrocellulose Resin | D9: =INDEX(Raw_Material_Data!$E$5:$E$16,MATCH($B9,Raw_Material_Data!$A$5:$A$16,0))*365*INDEX(Raw_Material_Data!$I$5:$I$16,MATCH($B9,Raw_Material_Data!$A$5:$A$16,0)) -> 2828750 | E9: =E8+D9 -> 30477500 | F9: =E9/E$16 -> 0.71514217 | G9: =IF(F9<=0.7,"A",IF(F9<=0.9,"B","C")) -> B
A10: 6 | B10: RM-07 | C10: =INDEX(Raw_Material_Data!$B$5:$B$16,MATCH($B10,Raw_Material_Data!$A$5:$A$16,0)) -> Ethyl Acetate Solvent | D10: =INDEX(Raw_Material_Data!$E$5:$E$16,MATCH($B10,Raw_Material_Data!$A$5:$A$16,0))*365*INDEX(Raw_Material_Data!$I$5:$I$16,MATCH($B10,Raw_Material_Data!$A$5:$A$16,0)) -> 2774000 | E10: =E9+D10 -> 33251500 | F10: =E10/E$16 -> 0.78023296 | G10: =IF(F10<=0.7,"A",IF(F10<=0.9,"B","C")) -> B
A11: 7 | B11: RM-02 | C11: =INDEX(Raw_Material_Data!$B$5:$B$16,MATCH($B11,Raw_Material_Data!$A$5:$A$16,0)) -> Titanium Dioxide White Pigment | D11: =INDEX(Raw_Material_Data!$E$5:$E$16,MATCH($B11,Raw_Material_Data!$A$5:$A$16,0))*365*INDEX(Raw_Material_Data!$I$5:$I$16,MATCH($B11,Raw_Material_Data!$A$5:$A$16,0)) -> 2299500 | E11: =E10+D11 -> 35551000 | F11: =E11/E$16 -> 0.83418979 | G11: =IF(F11<=0.7,"A",IF(F11<=0.9,"B","C")) -> B
A12: 8 | B12: RM-06 | C12: =INDEX(Raw_Material_Data!$B$5:$B$16,MATCH($B12,Raw_Material_Data!$A$5:$A$16,0)) -> Acrylic Resin | D12: =INDEX(Raw_Material_Data!$E$5:$E$16,MATCH($B12,Raw_Material_Data!$A$5:$A$16,0))*365*INDEX(Raw_Material_Data!$I$5:$I$16,MATCH($B12,Raw_Material_Data!$A$5:$A$16,0)) -> 2299500 | E12: =E11+D12 -> 37850500 | F12: =E12/E$16 -> 0.88814663 | G12: =IF(F12<=0.7,"A",IF(F12<=0.9,"B","C")) -> B
A13: 9 | B13: RM-08 | C13: =INDEX(Raw_Material_Data!$B$5:$B$16,MATCH($B13,Raw_Material_Data!$A$5:$A$16,0)) -> IPA Solvent | D13: =INDEX(Raw_Material_Data!$E$5:$E$16,MATCH($B13,Raw_Material_Data!$A$5:$A$16,0))*365*INDEX(Raw_Material_Data!$I$5:$I$16,MATCH($B13,Raw_Material_Data!$A$5:$A$16,0)) -> 1806750 | E13: =E12+D13 -> 39657250 | F13: =E13/E$16 -> 0.93054128 | G13: =IF(F13<=0.7,"A",IF(F13<=0.9,"B","C")) -> C
A14: 10 | B14: RM-03 | C14: =INDEX(Raw_Material_Data!$B$5:$B$16,MATCH($B14,Raw_Material_Data!$A$5:$A$16,0)) -> Carbon Black Pigment | D14: =INDEX(Raw_Material_Data!$E$5:$E$16,MATCH($B14,Raw_Material_Data!$A$5:$A$16,0))*365*INDEX(Raw_Material_Data!$I$5:$I$16,MATCH($B14,Raw_Material_Data!$A$5:$A$16,0)) -> 1204500 | E14: =E13+D14 -> 40861750 | F14: =E14/E$16 -> 0.95880439 | G14: =IF(F14<=0.7,"A",IF(F14<=0.9,"B","C")) -> C
A15: 11 | B15: RM-09 | C15: =INDEX(Raw_Material_Data!$B$5:$B$16,MATCH($B15,Raw_Material_Data!$A$5:$A$16,0)) -> Wax Compound Additive | D15: =INDEX(Raw_Material_Data!$E$5:$E$16,MATCH($B15,Raw_Material_Data!$A$5:$A$16,0))*365*INDEX(Raw_Material_Data!$I$5:$I$16,MATCH($B15,Raw_Material_Data!$A$5:$A$16,0)) -> 934400 | E15: =E14+D15 -> 41796150 | F15: =E15/E$16 -> 0.9807297 | G15: =IF(F15<=0.7,"A",IF(F15<=0.9,"B","C")) -> C
A16: 12 | B16: RM-10 | C16: =INDEX(Raw_Material_Data!$B$5:$B$16,MATCH($B16,Raw_Material_Data!$A$5:$A$16,0)) -> Defoamer Additive | D16: =INDEX(Raw_Material_Data!$E$5:$E$16,MATCH($B16,Raw_Material_Data!$A$5:$A$16,0))*365*INDEX(Raw_Material_Data!$I$5:$I$16,MATCH($B16,Raw_Material_Data!$A$5:$A$16,0)) -> 821250 | E16: =E15+D16 -> 42617400 | F16: =E16/E$16 -> 1 | G16: =IF(F16<=0.7,"A",IF(F16<=0.9,"B","C")) -> C

Sheet Manual_Policy
A1: Manual_Policy (today's method)
A2: Flat rule: reorder when stock falls below 14 days of average usage -- same rule for every item
A4: Seq | B4: Material ID | C4: Material Name | D4: Avg Daily Usage (kg) | E4: Lead Time (days) | F4: Current Stock (kg) | G4: Flat Cover (days) | H4: Manual ROP (kg) | I4: Status | K4: Flat cover (days) | L4: 14
A5: 1 | B5: RM-01 | C5: =INDEX(Raw_Material_Data!$B$5:$B$16,MATCH($B5,Raw_Material_Data!$A$5:$A$16,0)) -> Phthalocyanine Blue Pigment | D5: =INDEX(Raw_Material_Data!$E$5:$E$16,MATCH($B5,Raw_Material_Data!$A$5:$A$16,0)) -> 18 | E5: =INDEX(Raw_Material_Data!$G$5:$G$16,MATCH($B5,Raw_Material_Data!$A$5:$A$16,0)) -> 21 | F5: =INDEX(Raw_Material_Data!$J$5:$J$16,MATCH($B5,Raw_Material_Data!$A$5:$A$16,0)) -> 350 | G5: =$L$4 -> 14 | H5: =D5*$L$4 -> 252 | I5: =IF(F5<H5,"REORDER NOW","OK") -> OK
A6: 2 | B6: RM-02 | C6: =INDEX(Raw_Material_Data!$B$5:$B$16,MATCH($B6,Raw_Material_Data!$A$5:$A$16,0)) -> Titanium Dioxide White Pigment | D6: =INDEX(Raw_Material_Data!$E$5:$E$16,MATCH($B6,Raw_Material_Data!$A$5:$A$16,0)) -> 35 | E6: =INDEX(Raw_Material_Data!$G$5:$G$16,MATCH($B6,Raw_Material_Data!$A$5:$A$16,0)) -> 18 | F6: =INDEX(Raw_Material_Data!$J$5:$J$16,MATCH($B6,Raw_Material_Data!$A$5:$A$16,0)) -> 900 | G6: =$L$4 -> 14 | H6: =D6*$L$4 -> 490 | I6: =IF(F6<H6,"REORDER NOW","OK") -> OK
A7: 3 | B7: RM-03 | C7: =INDEX(Raw_Material_Data!$B$5:$B$16,MATCH($B7,Raw_Material_Data!$A$5:$A$16,0)) -> Carbon Black Pigment | D7: =INDEX(Raw_Material_Data!$E$5:$E$16,MATCH($B7,Raw_Material_Data!$A$5:$A$16,0)) -> 22 | E7: =INDEX(Raw_Material_Data!$G$5:$G$16,MATCH($B7,Raw_Material_Data!$A$5:$A$16,0)) -> 15 | F7: =INDEX(Raw_Material_Data!$J$5:$J$16,MATCH($B7,Raw_Material_Data!$A$5:$A$16,0)) -> 460 | G7: =$L$4 -> 14 | H7: =D7*$L$4 -> 308 | I7: =IF(F7<H7,"REORDER NOW","OK") -> OK
A8: 4 | B8: RM-04 | C8: =INDEX(Raw_Material_Data!$B$5:$B$16,MATCH($B8,Raw_Material_Data!$A$5:$A$16,0)) -> Rosin Modified Resin | D8: =INDEX(Raw_Material_Data!$E$5:$E$16,MATCH($B8,Raw_Material_Data!$A$5:$A$16,0)) -> 60 | E8: =INDEX(Raw_Material_Data!$G$5:$G$16,MATCH($B8,Raw_Material_Data!$A$5:$A$16,0)) -> 10 | F8: =INDEX(Raw_Material_Data!$J$5:$J$16,MATCH($B8,Raw_Material_Data!$A$5:$A$16,0)) -> 850 | G8: =$L$4 -> 14 | H8: =D8*$L$4 -> 840 | I8: =IF(F8<H8,"REORDER NOW","OK") -> OK
A9: 5 | B9: RM-05 | C9: =INDEX(Raw_Material_Data!$B$5:$B$16,MATCH($B9,Raw_Material_Data!$A$5:$A$16,0)) -> Nitrocellulose Resin | D9: =INDEX(Raw_Material_Data!$E$5:$E$16,MATCH($B9,Raw_Material_Data!$A$5:$A$16,0)) -> 25 | E9: =INDEX(Raw_Material_Data!$G$5:$G$16,MATCH($B9,Raw_Material_Data!$A$5:$A$16,0)) -> 20 | F9: =INDEX(Raw_Material_Data!$J$5:$J$16,MATCH($B9,Raw_Material_Data!$A$5:$A$16,0)) -> 800 | G9: =$L$4 -> 14 | H9: =D9*$L$4 -> 350 | I9: =IF(F9<H9,"REORDER NOW","OK") -> OK
A10: 6 | B10: RM-06 | C10: =INDEX(Raw_Material_Data!$B$5:$B$16,MATCH($B10,Raw_Material_Data!$A$5:$A$16,0)) -> Acrylic Resin | D10: =INDEX(Raw_Material_Data!$E$5:$E$16,MATCH($B10,Raw_Material_Data!$A$5:$A$16,0)) -> 30 | E10: =INDEX(Raw_Material_Data!$G$5:$G$16,MATCH($B10,Raw_Material_Data!$A$5:$A$16,0)) -> 12 | F10: =INDEX(Raw_Material_Data!$J$5:$J$16,MATCH($B10,Raw_Material_Data!$A$5:$A$16,0)) -> 600 | G10: =$L$4 -> 14 | H10: =D10*$L$4 -> 420 | I10: =IF(F10<H10,"REORDER NOW","OK") -> OK
A11: 7 | B11: RM-07 | C11: =INDEX(Raw_Material_Data!$B$5:$B$16,MATCH($B11,Raw_Material_Data!$A$5:$A$16,0)) -> Ethyl Acetate Solvent | D11: =INDEX(Raw_Material_Data!$E$5:$E$16,MATCH($B11,Raw_Material_Data!$A$5:$A$16,0)) -> 80 | E11: =INDEX(Raw_Material_Data!$G$5:$G$16,MATCH($B11,Raw_Material_Data!$A$5:$A$16,0)) -> 7 | F11: =INDEX(Raw_Material_Data!$J$5:$J$16,MATCH($B11,Raw_Material_Data!$A$5:$A$16,0)) -> 850 | G11: =$L$4 -> 14 | H11: =D11*$L$4 -> 1120 | I11: =IF(F11<H11,"REORDER NOW","OK") -> REORDER NOW
A12: 8 | B12: RM-08 | C12: =INDEX(Raw_Material_Data!$B$5:$B$16,MATCH($B12,Raw_Material_Data!$A$5:$A$16,0)) -> IPA Solvent | D12: =INDEX(Raw_Material_Data!$E$5:$E$16,MATCH($B12,Raw_Material_Data!$A$5:$A$16,0)) -> 45 | E12: =INDEX(Raw_Material_Data!$G$5:$G$16,MATCH($B12,Raw_Material_Data!$A$5:$A$16,0)) -> 9 | F12: =INDEX(Raw_Material_Data!$J$5:$J$16,MATCH($B12,Raw_Material_Data!$A$5:$A$16,0)) -> 580 | G12: =$L$4 -> 14 | H12: =D12*$L$4 -> 630 | I12: =IF(F12<H12,"REORDER NOW","OK") -> REORDER NOW
A13: 9 | B13: RM-09 | C13: =INDEX(Raw_Material_Data!$B$5:$B$16,MATCH($B13,Raw_Material_Data!$A$5:$A$16,0)) -> Wax Compound Additive | D13: =INDEX(Raw_Material_Data!$E$5:$E$16,MATCH($B13,Raw_Material_Data!$A$5:$A$16,0)) -> 8 | E13: =INDEX(Raw_Material_Data!$G$5:$G$16,MATCH($B13,Raw_Material_Data!$A$5:$A$16,0)) -> 14 | F13: =INDEX(Raw_Material_Data!$J$5:$J$16,MATCH($B13,Raw_Material_Data!$A$5:$A$16,0)) -> 200 | G13: =$L$4 -> 14 | H13: =D13*$L$4 -> 112 | I13: =IF(F13<H13,"REORDER NOW","OK") -> OK
A14: 10 | B14: RM-10 | C14: =INDEX(Raw_Material_Data!$B$5:$B$16,MATCH($B14,Raw_Material_Data!$A$5:$A$16,0)) -> Defoamer Additive | D14: =INDEX(Raw_Material_Data!$E$5:$E$16,MATCH($B14,Raw_Material_Data!$A$5:$A$16,0)) -> 5 | E14: =INDEX(Raw_Material_Data!$G$5:$G$16,MATCH($B14,Raw_Material_Data!$A$5:$A$16,0)) -> 10 | F14: =INDEX(Raw_Material_Data!$J$5:$J$16,MATCH($B14,Raw_Material_Data!$A$5:$A$16,0)) -> 100 | G14: =$L$4 -> 14 | H14: =D14*$L$4 -> 70 | I14: =IF(F14<H14,"REORDER NOW","OK") -> OK
A15: 11 | B15: RM-11 | C15: =INDEX(Raw_Material_Data!$B$5:$B$16,MATCH($B15,Raw_Material_Data!$A$5:$A$16,0)) -> Aluminium Paste (Metallic Silver) | D15: =INDEX(Raw_Material_Data!$E$5:$E$16,MATCH($B15,Raw_Material_Data!$A$5:$A$16,0)) -> 10 | E15: =INDEX(Raw_Material_Data!$G$5:$G$16,MATCH($B15,Raw_Material_Data!$A$5:$A$16,0)) -> 30 | F15: =INDEX(Raw_Material_Data!$J$5:$J$16,MATCH($B15,Raw_Material_Data!$A$5:$A$16,0)) -> 200 | G15: =$L$4 -> 14 | H15: =D15*$L$4 -> 140 | I15: =IF(F15<H15,"REORDER NOW","OK") -> OK
A16: 12 | B16: RM-12 | C16: =INDEX(Raw_Material_Data!$B$5:$B$16,MATCH($B16,Raw_Material_Data!$A$5:$A$16,0)) -> Yellow/Red Organic Pigment | D16: =INDEX(Raw_Material_Data!$E$5:$E$16,MATCH($B16,Raw_Material_Data!$A$5:$A$16,0)) -> 15 | E16: =INDEX(Raw_Material_Data!$G$5:$G$16,MATCH($B16,Raw_Material_Data!$A$5:$A$16,0)) -> 16 | F16: =INDEX(Raw_Material_Data!$J$5:$J$16,MATCH($B16,Raw_Material_Data!$A$5:$A$16,0)) -> 340 | G16: =$L$4 -> 14 | H16: =D16*$L$4 -> 210 | I16: =IF(F16<H16,"REORDER NOW","OK") -> OK

Sheet AI_Naive_Policy
A1: AI_Naive_Policy (uniform statistical model)
A2: Safety stock from demand & lead-time variability, at ONE service level for every item -- 95%
A4: Seq | B4: Material ID | C4: Material Name | D4: Avg Daily Usage (kg) | E4: Std Dev Daily (kg) | F4: Lead Time (days) | G4: Lead Time StdDev (days) | H4: Current Stock (kg) | I4: Safety Stock (kg) | J4: ROP (kg) | K4: Status | M4: Service level | N4: 0.95
A5: 1 | B5: RM-01 | C5: =INDEX(Raw_Material_Data!$B$5:$B$16,MATCH($B5,Raw_Material_Data!$A$5:$A$16,0)) -> Phthalocyanine Blue Pigment | D5: =INDEX(Raw_Material_Data!$E$5:$E$16,MATCH($B5,Raw_Material_Data!$A$5:$A$16,0)) -> 18 | E5: =INDEX(Raw_Material_Data!$F$5:$F$16,MATCH($B5,Raw_Material_Data!$A$5:$A$16,0)) -> 6 | F5: =INDEX(Raw_Material_Data!$G$5:$G$16,MATCH($B5,Raw_Material_Data!$A$5:$A$16,0)) -> 21 | G5: =INDEX(Raw_Material_Data!$H$5:$H$16,MATCH($B5,Raw_Material_Data!$A$5:$A$16,0)) -> 4 | H5: =INDEX(Raw_Material_Data!$J$5:$J$16,MATCH($B5,Raw_Material_Data!$A$5:$A$16,0)) -> 350 | I5: =$N$5*SQRT(F5*E5^2+D5^2*G5^2) -> 126.77116 | J5: =D5*F5+I5 -> 504.77116 | K5: =IF(H5<J5,"REORDER NOW","OK") -> REORDER NOW | M5: Z (NORMSINV) | N5: =NORMSINV(N4) -> 1.6448536
A6: 2 | B6: RM-02 | C6: =INDEX(Raw_Material_Data!$B$5:$B$16,MATCH($B6,Raw_Material_Data!$A$5:$A$16,0)) -> Titanium Dioxide White Pigment | D6: =INDEX(Raw_Material_Data!$E$5:$E$16,MATCH($B6,Raw_Material_Data!$A$5:$A$16,0)) -> 35 | E6: =INDEX(Raw_Material_Data!$F$5:$F$16,MATCH($B6,Raw_Material_Data!$A$5:$A$16,0)) -> 10 | F6: =INDEX(Raw_Material_Data!$G$5:$G$16,MATCH($B6,Raw_Material_Data!$A$5:$A$16,0)) -> 18 | G6: =INDEX(Raw_Material_Data!$H$5:$H$16,MATCH($B6,Raw_Material_Data!$A$5:$A$16,0)) -> 3 | H6: =INDEX(Raw_Material_Data!$J$5:$J$16,MATCH($B6,Raw_Material_Data!$A$5:$A$16,0)) -> 900 | I6: =$N$5*SQRT(F6*E6^2+D6^2*G6^2) -> 186.27559 | J6: =D6*F6+I6 -> 816.27559 | K6: =IF(H6<J6,"REORDER NOW","OK") -> OK
A7: 3 | B7: RM-03 | C7: =INDEX(Raw_Material_Data!$B$5:$B$16,MATCH($B7,Raw_Material_Data!$A$5:$A$16,0)) -> Carbon Black Pigment | D7: =INDEX(Raw_Material_Data!$E$5:$E$16,MATCH($B7,Raw_Material_Data!$A$5:$A$16,0)) -> 22 | E7: =INDEX(Raw_Material_Data!$F$5:$F$16,MATCH($B7,Raw_Material_Data!$A$5:$A$16,0)) -> 7 | F7: =INDEX(Raw_Material_Data!$G$5:$G$16,MATCH($B7,Raw_Material_Data!$A$5:$A$16,0)) -> 15 | G7: =INDEX(Raw_Material_Data!$H$5:$H$16,MATCH($B7,Raw_Material_Data!$A$5:$A$16,0)) -> 3 | H7: =INDEX(Raw_Material_Data!$J$5:$J$16,MATCH($B7,Raw_Material_Data!$A$5:$A$16,0)) -> 460 | I7: =$N$5*SQRT(F7*E7^2+D7^2*G7^2) -> 117.36235 | J7: =D7*F7+I7 -> 447.36235 | K7: =IF(H7<J7,"REORDER NOW","OK") -> OK
A8: 4 | B8: RM-04 | C8: =INDEX(Raw_Material_Data!$B$5:$B$16,MATCH($B8,Raw_Material_Data!$A$5:$A$16,0)) -> Rosin Modified Resin | D8: =INDEX(Raw_Material_Data!$E$5:$E$16,MATCH($B8,Raw_Material_Data!$A$5:$A$16,0)) -> 60 | E8: =INDEX(Raw_Material_Data!$F$5:$F$16,MATCH($B8,Raw_Material_Data!$A$5:$A$16,0)) -> 15 | F8: =INDEX(Raw_Material_Data!$G$5:$G$16,MATCH($B8,Raw_Material_Data!$A$5:$A$16,0)) -> 10 | G8: =INDEX(Raw_Material_Data!$H$5:$H$16,MATCH($B8,Raw_Material_Data!$A$5:$A$16,0)) -> 2 | H8: =INDEX(Raw_Material_Data!$J$5:$J$16,MATCH($B8,Raw_Material_Data!$A$5:$A$16,0)) -> 850 | I8: =$N$5*SQRT(F8*E8^2+D8^2*G8^2) -> 212.24349 | J8: =D8*F8+I8 -> 812.24349 | K8: =IF(H8<J8,"REORDER NOW","OK") -> OK
A9: 5 | B9: RM-05 | C9: =INDEX(Raw_Material_Data!$B$5:$B$16,MATCH($B9,Raw_Material_Data!$A$5:$A$16,0)) -> Nitrocellulose Resin | D9: =INDEX(Raw_Material_Data!$E$5:$E$16,MATCH($B9,Raw_Material_Data!$A$5:$A$16,0)) -> 25 | E9: =INDEX(Raw_Material_Data!$F$5:$F$16,MATCH($B9,Raw_Material_Data!$A$5:$A$16,0)) -> 8 | F9: =INDEX(Raw_Material_Data!$G$5:$G$16,MATCH($B9,Raw_Material_Data!$A$5:$A$16,0)) -> 20 | G9: =INDEX(Raw_Material_Data!$H$5:$H$16,MATCH($B9,Raw_Material_Data!$A$5:$A$16,0)) -> 5 | H9: =INDEX(Raw_Material_Data!$J$5:$J$16,MATCH($B9,Raw_Material_Data!$A$5:$A$16,0)) -> 800 | I9: =$N$5*SQRT(F9*E9^2+D9^2*G9^2) -> 213.8626 | J9: =D9*F9+I9 -> 713.8626 | K9: =IF(H9<J9,"REORDER NOW","OK") -> OK
A10: 6 | B10: RM-06 | C10: =INDEX(Raw_Material_Data!$B$5:$B$16,MATCH($B10,Raw_Material_Data!$A$5:$A$16,0)) -> Acrylic Resin | D10: =INDEX(Raw_Material_Data!$E$5:$E$16,MATCH($B10,Raw_Material_Data!$A$5:$A$16,0)) -> 30 | E10: =INDEX(Raw_Material_Data!$F$5:$F$16,MATCH($B10,Raw_Material_Data!$A$5:$A$16,0)) -> 9 | F10: =INDEX(Raw_Material_Data!$G$5:$G$16,MATCH($B10,Raw_Material_Data!$A$5:$A$16,0)) -> 12 | G10: =INDEX(Raw_Material_Data!$H$5:$H$16,MATCH($B10,Raw_Material_Data!$A$5:$A$16,0)) -> 3 | H10: =INDEX(Raw_Material_Data!$J$5:$J$16,MATCH($B10,Raw_Material_Data!$A$5:$A$16,0)) -> 600 | I10: =$N$5*SQRT(F10*E10^2+D10^2*G10^2) -> 156.66745 | J10: =D10*F10+I10 -> 516.66745 | K10: =IF(H10<J10,"REORDER NOW","OK") -> OK
A11: 7 | B11: RM-07 | C11: =INDEX(Raw_Material_Data!$B$5:$B$16,MATCH($B11,Raw_Material_Data!$A$5:$A$16,0)) -> Ethyl Acetate Solvent | D11: =INDEX(Raw_Material_Data!$E$5:$E$16,MATCH($B11,Raw_Material_Data!$A$5:$A$16,0)) -> 80 | E11: =INDEX(Raw_Material_Data!$F$5:$F$16,MATCH($B11,Raw_Material_Data!$A$5:$A$16,0)) -> 20 | F11: =INDEX(Raw_Material_Data!$G$5:$G$16,MATCH($B11,Raw_Material_Data!$A$5:$A$16,0)) -> 7 | G11: =INDEX(Raw_Material_Data!$H$5:$H$16,MATCH($B11,Raw_Material_Data!$A$5:$A$16,0)) -> 1 | H11: =INDEX(Raw_Material_Data!$J$5:$J$16,MATCH($B11,Raw_Material_Data!$A$5:$A$16,0)) -> 850 | I11: =$N$5*SQRT(F11*E11^2+D11^2*G11^2) -> 157.76882 | J11: =D11*F11+I11 -> 717.76882 | K11: =IF(H11<J11,"REORDER NOW","OK") -> OK
A12: 8 | B12: RM-08 | C12: =INDEX(Raw_Material_Data!$B$5:$B$16,MATCH($B12,Raw_Material_Data!$A$5:$A$16,0)) -> IPA Solvent | D12: =INDEX(Raw_Material_Data!$E$5:$E$16,MATCH($B12,Raw_Material_Data!$A$5:$A$16,0)) -> 45 | E12: =INDEX(Raw_Material_Data!$F$5:$F$16,MATCH($B12,Raw_Material_Data!$A$5:$A$16,0)) -> 12 | F12: =INDEX(Raw_Material_Data!$G$5:$G$16,MATCH($B12,Raw_Material_Data!$A$5:$A$16,0)) -> 9 | G12: =INDEX(Raw_Material_Data!$H$5:$H$16,MATCH($B12,Raw_Material_Data!$A$5:$A$16,0)) -> 2 | H12: =INDEX(Raw_Material_Data!$J$5:$J$16,MATCH($B12,Raw_Material_Data!$A$5:$A$16,0)) -> 580 | I12: =$N$5*SQRT(F12*E12^2+D12^2*G12^2) -> 159.44054 | J12: =D12*F12+I12 -> 564.44054 | K12: =IF(H12<J12,"REORDER NOW","OK") -> OK
A13: 9 | B13: RM-09 | C13: =INDEX(Raw_Material_Data!$B$5:$B$16,MATCH($B13,Raw_Material_Data!$A$5:$A$16,0)) -> Wax Compound Additive | D13: =INDEX(Raw_Material_Data!$E$5:$E$16,MATCH($B13,Raw_Material_Data!$A$5:$A$16,0)) -> 8 | E13: =INDEX(Raw_Material_Data!$F$5:$F$16,MATCH($B13,Raw_Material_Data!$A$5:$A$16,0)) -> 3 | F13: =INDEX(Raw_Material_Data!$G$5:$G$16,MATCH($B13,Raw_Material_Data!$A$5:$A$16,0)) -> 14 | G13: =INDEX(Raw_Material_Data!$H$5:$H$16,MATCH($B13,Raw_Material_Data!$A$5:$A$16,0)) -> 3 | H13: =INDEX(Raw_Material_Data!$J$5:$J$16,MATCH($B13,Raw_Material_Data!$A$5:$A$16,0)) -> 200 | I13: =$N$5*SQRT(F13*E13^2+D13^2*G13^2) -> 43.580862 | J13: =D13*F13+I13 -> 155.58086 | K13: =IF(H13<J13,"REORDER NOW","OK") -> OK
A14: 10 | B14: RM-10 | C14: =INDEX(Raw_Material_Data!$B$5:$B$16,MATCH($B14,Raw_Material_Data!$A$5:$A$16,0)) -> Defoamer Additive | D14: =INDEX(Raw_Material_Data!$E$5:$E$16,MATCH($B14,Raw_Material_Data!$A$5:$A$16,0)) -> 5 | E14: =INDEX(Raw_Material_Data!$F$5:$F$16,MATCH($B14,Raw_Material_Data!$A$5:$A$16,0)) -> 2 | F14: =INDEX(Raw_Material_Data!$G$5:$G$16,MATCH($B14,Raw_Material_Data!$A$5:$A$16,0)) -> 10 | G14: =INDEX(Raw_Material_Data!$H$5:$H$16,MATCH($B14,Raw_Material_Data!$A$5:$A$16,0)) -> 2 | H14: =INDEX(Raw_Material_Data!$J$5:$J$16,MATCH($B14,Raw_Material_Data!$A$5:$A$16,0)) -> 100 | I14: =$N$5*SQRT(F14*E14^2+D14^2*G14^2) -> 19.462171 | J14: =D14*F14+I14 -> 69.462171 | K14: =IF(H14<J14,"REORDER NOW","OK") -> OK
A15: 11 | B15: RM-11 | C15: =INDEX(Raw_Material_Data!$B$5:$B$16,MATCH($B15,Raw_Material_Data!$A$5:$A$16,0)) -> Aluminium Paste (Metallic Silver) | D15: =INDEX(Raw_Material_Data!$E$5:$E$16,MATCH($B15,Raw_Material_Data!$A$5:$A$16,0)) -> 10 | E15: =INDEX(Raw_Material_Data!$F$5:$F$16,MATCH($B15,Raw_Material_Data!$A$5:$A$16,0)) -> 5 | F15: =INDEX(Raw_Material_Data!$G$5:$G$16,MATCH($B15,Raw_Material_Data!$A$5:$A$16,0)) -> 30 | G15: =INDEX(Raw_Material_Data!$H$5:$H$16,MATCH($B15,Raw_Material_Data!$A$5:$A$16,0)) -> 7 | H15: =INDEX(Raw_Material_Data!$J$5:$J$16,MATCH($B15,Raw_Material_Data!$A$5:$A$16,0)) -> 200 | I15: =$N$5*SQRT(F15*E15^2+D15^2*G15^2) -> 123.63786 | J15: =D15*F15+I15 -> 423.63786 | K15: =IF(H15<J15,"REORDER NOW","OK") -> REORDER NOW
A16: 12 | B16: RM-12 | C16: =INDEX(Raw_Material_Data!$B$5:$B$16,MATCH($B16,Raw_Material_Data!$A$5:$A$16,0)) -> Yellow/Red Organic Pigment | D16: =INDEX(Raw_Material_Data!$E$5:$E$16,MATCH($B16,Raw_Material_Data!$A$5:$A$16,0)) -> 15 | E16: =INDEX(Raw_Material_Data!$F$5:$F$16,MATCH($B16,Raw_Material_Data!$A$5:$A$16,0)) -> 5 | F16: =INDEX(Raw_Material_Data!$G$5:$G$16,MATCH($B16,Raw_Material_Data!$A$5:$A$16,0)) -> 16 | G16: =INDEX(Raw_Material_Data!$H$5:$H$16,MATCH($B16,Raw_Material_Data!$A$5:$A$16,0)) -> 3 | H16: =INDEX(Raw_Material_Data!$J$5:$J$16,MATCH($B16,Raw_Material_Data!$A$5:$A$16,0)) -> 340 | I16: =$N$5*SQRT(F16*E16^2+D16^2*G16^2) -> 80.999647 | J16: =D16*F16+I16 -> 320.99965 | K16: =IF(H16<J16,"REORDER NOW","OK") -> OK

Sheet Agent_Policy
A1: Agent_Policy (risk-tiered + actionable)
A2: Same statistical model, service level set by ABC tier (99% / 95% / 90%) -- flagged items get a suggested purchase order
A4: Seq | B4: Material ID | C4: Material Name | D4: ABC Class | E4: Avg Daily Usage | F4: Std Dev Daily | G4: Lead Time | H4: LT StdDev | I4: Unit Cost (INR) | J4: Current Stock | K4: MOQ (kg) | L4: Safety Stock | M4: ROP (kg) | N4: Status | O4: EOQ (kg) | P4: Suggested Order Qty | Q4: PO Value (INR) | S4: Ordering cost (INR/PO) | T4: 1500
A5: 1 | B5: RM-01 | C5: =INDEX(Raw_Material_Data!$B$5:$B$16,MATCH($B5,Raw_Material_Data!$A$5:$A$16,0)) -> Phthalocyanine Blue Pigment | D5: =INDEX(ABC_Classification!$G$5:$G$16,MATCH($B5,ABC_Classification!$B$5:$B$16,0)) -> A | E5: =INDEX(Raw_Material_Data!$E$5:$E$16,MATCH($B5,Raw_Material_Data!$A$5:$A$16,0)) -> 18 | F5: =INDEX(Raw_Material_Data!$F$5:$F$16,MATCH($B5,Raw_Material_Data!$A$5:$A$16,0)) -> 6 | G5: =INDEX(Raw_Material_Data!$G$5:$G$16,MATCH($B5,Raw_Material_Data!$A$5:$A$16,0)) -> 21 | H5: =INDEX(Raw_Material_Data!$H$5:$H$16,MATCH($B5,Raw_Material_Data!$A$5:$A$16,0)) -> 4 | I5: =INDEX(Raw_Material_Data!$I$5:$I$16,MATCH($B5,Raw_Material_Data!$A$5:$A$16,0)) -> 2200 | J5: =INDEX(Raw_Material_Data!$J$5:$J$16,MATCH($B5,Raw_Material_Data!$A$5:$A$16,0)) -> 350 | K5: =INDEX(Raw_Material_Data!$K$5:$K$16,MATCH($B5,Raw_Material_Data!$A$5:$A$16,0)) -> 100 | L5: =IF($D5="A",$T$6,IF($D5="B",$T$7,$T$8))*SQRT(G5*F5^2+E5^2*H5^2) -> 179.29488 | M5: =E5*G5+L5 -> 557.29488 | N5: =IF(J5<M5,"REORDER NOW","OK") -> REORDER NOW | O5: =SQRT(2*E5*365*$T$4/($T$5*I5)) -> 211.64937 | P5: =IF(N5="REORDER NOW",ROUNDUP(MAX(O5,K5)/K5,0)*K5,0) -> 300 | Q5: =P5*I5 -> 660000 | S5: Holding cost rate (p.a.) | T5: 0.2
A6: 2 | B6: RM-02 | C6: =INDEX(Raw_Material_Data!$B$5:$B$16,MATCH($B6,Raw_Material_Data!$A$5:$A$16,0)) -> Titanium Dioxide White Pigment | D6: =INDEX(ABC_Classification!$G$5:$G$16,MATCH($B6,ABC_Classification!$B$5:$B$16,0)) -> B | E6: =INDEX(Raw_Material_Data!$E$5:$E$16,MATCH($B6,Raw_Material_Data!$A$5:$A$16,0)) -> 35 | F6: =INDEX(Raw_Material_Data!$F$5:$F$16,MATCH($B6,Raw_Material_Data!$A$5:$A$16,0)) -> 10 | G6: =INDEX(Raw_Material_Data!$G$5:$G$16,MATCH($B6,Raw_Material_Data!$A$5:$A$16,0)) -> 18 | H6: =INDEX(Raw_Material_Data!$H$5:$H$16,MATCH($B6,Raw_Material_Data!$A$5:$A$16,0)) -> 3 | I6: =INDEX(Raw_Material_Data!$I$5:$I$16,MATCH($B6,Raw_Material_Data!$A$5:$A$16,0)) -> 180 | J6: =INDEX(Raw_Material_Data!$J$5:$J$16,MATCH($B6,Raw_Material_Data!$A$5:$A$16,0)) -> 900 | K6: =INDEX(Raw_Material_Data!$K$5:$K$16,MATCH($B6,Raw_Material_Data!$A$5:$A$16,0)) -> 250 | L6: =IF($D6="A",$T$6,IF($D6="B",$T$7,$T$8))*SQRT(G6*F6^2+E6^2*H6^2) -> 186.27559 | M6: =E6*G6+L6 -> 816.27559 | N6: =IF(J6<M6,"REORDER NOW","OK") -> OK | O6: =SQRT(2*E6*365*$T$4/($T$5*I6)) -> 1031.7865 | P6: =IF(N6="REORDER NOW",ROUNDUP(MAX(O6,K6)/K6,0)*K6,0) -> 0 | Q6: =P6*I6 -> 0 | S6: Z: Class A (99%) | T6: =NORMSINV(0.99) -> 2.3263479
A7: 3 | B7: RM-03 | C7: =INDEX(Raw_Material_Data!$B$5:$B$16,MATCH($B7,Raw_Material_Data!$A$5:$A$16,0)) -> Carbon Black Pigment | D7: =INDEX(ABC_Classification!$G$5:$G$16,MATCH($B7,ABC_Classification!$B$5:$B$16,0)) -> C | E7: =INDEX(Raw_Material_Data!$E$5:$E$16,MATCH($B7,Raw_Material_Data!$A$5:$A$16,0)) -> 22 | F7: =INDEX(Raw_Material_Data!$F$5:$F$16,MATCH($B7,Raw_Material_Data!$A$5:$A$16,0)) -> 7 | G7: =INDEX(Raw_Material_Data!$G$5:$G$16,MATCH($B7,Raw_Material_Data!$A$5:$A$16,0)) -> 15 | H7: =INDEX(Raw_Material_Data!$H$5:$H$16,MATCH($B7,Raw_Material_Data!$A$5:$A$16,0)) -> 3 | I7: =INDEX(Raw_Material_Data!$I$5:$I$16,MATCH($B7,Raw_Material_Data!$A$5:$A$16,0)) -> 150 | J7: =INDEX(Raw_Material_Data!$J$5:$J$16,MATCH($B7,Raw_Material_Data!$A$5:$A$16,0)) -> 460 | K7: =INDEX(Raw_Material_Data!$K$5:$K$16,MATCH($B7,Raw_Material_Data!$A$5:$A$16,0)) -> 200 | L7: =IF($D7="A",$T$6,IF($D7="B",$T$7,$T$8))*SQRT(G7*F7^2+E7^2*H7^2) -> 91.440298 | M7: =E7*G7+L7 -> 421.4403 | N7: =IF(J7<M7,"REORDER NOW","OK") -> OK | O7: =SQRT(2*E7*365*$T$4/($T$5*I7)) -> 896.10267 | P7: =IF(N7="REORDER NOW",ROUNDUP(MAX(O7,K7)/K7,0)*K7,0) -> 0 | Q7: =P7*I7 -> 0 | S7: Z: Class B (95%) | T7: =NORMSINV(0.95) -> 1.6448536
A8: 4 | B8: RM-04 | C8: =INDEX(Raw_Material_Data!$B$5:$B$16,MATCH($B8,Raw_Material_Data!$A$5:$A$16,0)) -> Rosin Modified Resin | D8: =INDEX(ABC_Classification!$G$5:$G$16,MATCH($B8,ABC_Classification!$B$5:$B$16,0)) -> A | E8: =INDEX(Raw_Material_Data!$E$5:$E$16,MATCH($B8,Raw_Material_Data!$A$5:$A$16,0)) -> 60 | F8: =INDEX(Raw_Material_Data!$F$5:$F$16,MATCH($B8,Raw_Material_Data!$A$5:$A$16,0)) -> 15 | G8: =INDEX(Raw_Material_Data!$G$5:$G$16,MATCH($B8,Raw_Material_Data!$A$5:$A$16,0)) -> 10 | H8: =INDEX(Raw_Material_Data!$H$5:$H$16,MATCH($B8,Raw_Material_Data!$A$5:$A$16,0)) -> 2 | I8: =INDEX(Raw_Material_Data!$I$5:$I$16,MATCH($B8,Raw_Material_Data!$A$5:$A$16,0)) -> 140 | J8: =INDEX(Raw_Material_Data!$J$5:$J$16,MATCH($B8,Raw_Material_Data!$A$5:$A$16,0)) -> 850 | K8: =INDEX(Raw_Material_Data!$K$5:$K$16,MATCH($B8,Raw_Material_Data!$A$5:$A$16,0)) -> 500 | L8: =IF($D8="A",$T$6,IF($D8="B",$T$7,$T$8))*SQRT(G8*F8^2+E8^2*H8^2) -> 300.18002 | M8: =E8*G8+L8 -> 900.18002 | N8: =IF(J8<M8,"REORDER NOW","OK") -> REORDER NOW | O8: =SQRT(2*E8*365*$T$4/($T$5*I8)) -> 1531.8057 | P8: =IF(N8="REORDER NOW",ROUNDUP(MAX(O8,K8)/K8,0)*K8,0) -> 2000 | Q8: =P8*I8 -> 280000 | S8: Z: Class C (90%) | T8: =NORMSINV(0.9) -> 1.2815516
A9: 5 | B9: RM-05 | C9: =INDEX(Raw_Material_Data!$B$5:$B$16,MATCH($B9,Raw_Material_Data!$A$5:$A$16,0)) -> Nitrocellulose Resin | D9: =INDEX(ABC_Classification!$G$5:$G$16,MATCH($B9,ABC_Classification!$B$5:$B$16,0)) -> B | E9: =INDEX(Raw_Material_Data!$E$5:$E$16,MATCH($B9,Raw_Material_Data!$A$5:$A$16,0)) -> 25 | F9: =INDEX(Raw_Material_Data!$F$5:$F$16,MATCH($B9,Raw_Material_Data!$A$5:$A$16,0)) -> 8 | G9: =INDEX(Raw_Material_Data!$G$5:$G$16,MATCH($B9,Raw_Material_Data!$A$5:$A$16,0)) -> 20 | H9: =INDEX(Raw_Material_Data!$H$5:$H$16,MATCH($B9,Raw_Material_Data!$A$5:$A$16,0)) -> 5 | I9: =INDEX(Raw_Material_Data!$I$5:$I$16,MATCH($B9,Raw_Material_Data!$A$5:$A$16,0)) -> 310 | J9: =INDEX(Raw_Material_Data!$J$5:$J$16,MATCH($B9,Raw_Material_Data!$A$5:$A$16,0)) -> 800 | K9: =INDEX(Raw_Material_Data!$K$5:$K$16,MATCH($B9,Raw_Material_Data!$A$5:$A$16,0)) -> 100 | L9: =IF($D9="A",$T$6,IF($D9="B",$T$7,$T$8))*SQRT(G9*F9^2+E9^2*H9^2) -> 213.8626 | M9: =E9*G9+L9 -> 713.8626 | N9: =IF(J9<M9,"REORDER NOW","OK") -> OK | O9: =SQRT(2*E9*365*$T$4/($T$5*I9)) -> 664.47894 | P9: =IF(N9="REORDER NOW",ROUNDUP(MAX(O9,K9)/K9,0)*K9,0) -> 0 | Q9: =P9*I9 -> 0
A10: 6 | B10: RM-06 | C10: =INDEX(Raw_Material_Data!$B$5:$B$16,MATCH($B10,Raw_Material_Data!$A$5:$A$16,0)) -> Acrylic Resin | D10: =INDEX(ABC_Classification!$G$5:$G$16,MATCH($B10,ABC_Classification!$B$5:$B$16,0)) -> B | E10: =INDEX(Raw_Material_Data!$E$5:$E$16,MATCH($B10,Raw_Material_Data!$A$5:$A$16,0)) -> 30 | F10: =INDEX(Raw_Material_Data!$F$5:$F$16,MATCH($B10,Raw_Material_Data!$A$5:$A$16,0)) -> 9 | G10: =INDEX(Raw_Material_Data!$G$5:$G$16,MATCH($B10,Raw_Material_Data!$A$5:$A$16,0)) -> 12 | H10: =INDEX(Raw_Material_Data!$H$5:$H$16,MATCH($B10,Raw_Material_Data!$A$5:$A$16,0)) -> 3 | I10: =INDEX(Raw_Material_Data!$I$5:$I$16,MATCH($B10,Raw_Material_Data!$A$5:$A$16,0)) -> 210 | J10: =INDEX(Raw_Material_Data!$J$5:$J$16,MATCH($B10,Raw_Material_Data!$A$5:$A$16,0)) -> 600 | K10: =INDEX(Raw_Material_Data!$K$5:$K$16,MATCH($B10,Raw_Material_Data!$A$5:$A$16,0)) -> 200 | L10: =IF($D10="A",$T$6,IF($D10="B",$T$7,$T$8))*SQRT(G10*F10^2+E10^2*H10^2) -> 156.66745 | M10: =E10*G10+L10 -> 516.66745 | N10: =IF(J10<M10,"REORDER NOW","OK") -> OK | O10: =SQRT(2*E10*365*$T$4/($T$5*I10)) -> 884.38841 | P10: =IF(N10="REORDER NOW",ROUNDUP(MAX(O10,K10)/K10,0)*K10,0) -> 0 | Q10: =P10*I10 -> 0
A11: 7 | B11: RM-07 | C11: =INDEX(Raw_Material_Data!$B$5:$B$16,MATCH($B11,Raw_Material_Data!$A$5:$A$16,0)) -> Ethyl Acetate Solvent | D11: =INDEX(ABC_Classification!$G$5:$G$16,MATCH($B11,ABC_Classification!$B$5:$B$16,0)) -> B | E11: =INDEX(Raw_Material_Data!$E$5:$E$16,MATCH($B11,Raw_Material_Data!$A$5:$A$16,0)) -> 80 | F11: =INDEX(Raw_Material_Data!$F$5:$F$16,MATCH($B11,Raw_Material_Data!$A$5:$A$16,0)) -> 20 | G11: =INDEX(Raw_Material_Data!$G$5:$G$16,MATCH($B11,Raw_Material_Data!$A$5:$A$16,0)) -> 7 | H11: =INDEX(Raw_Material_Data!$H$5:$H$16,MATCH($B11,Raw_Material_Data!$A$5:$A$16,0)) -> 1 | I11: =INDEX(Raw_Material_Data!$I$5:$I$16,MATCH($B11,Raw_Material_Data!$A$5:$A$16,0)) -> 95 | J11: =INDEX(Raw_Material_Data!$J$5:$J$16,MATCH($B11,Raw_Material_Data!$A$5:$A$16,0)) -> 850 | K11: =INDEX(Raw_Material_Data!$K$5:$K$16,MATCH($B11,Raw_Material_Data!$A$5:$A$16,0)) -> 500 | L11: =IF($D11="A",$T$6,IF($D11="B",$T$7,$T$8))*SQRT(G11*F11^2+E11^2*H11^2) -> 157.76882 | M11: =E11*G11+L11 -> 717.76882 | N11: =IF(J11<M11,"REORDER NOW","OK") -> OK | O11: =SQRT(2*E11*365*$T$4/($T$5*I11)) -> 2147.2136 | P11: =IF(N11="REORDER NOW",ROUNDUP(MAX(O11,K11)/K11,0)*K11,0) -> 0 | Q11: =P11*I11 -> 0
A12: 8 | B12: RM-08 | C12: =INDEX(Raw_Material_Data!$B$5:$B$16,MATCH($B12,Raw_Material_Data!$A$5:$A$16,0)) -> IPA Solvent | D12: =INDEX(ABC_Classification!$G$5:$G$16,MATCH($B12,ABC_Classification!$B$5:$B$16,0)) -> C | E12: =INDEX(Raw_Material_Data!$E$5:$E$16,MATCH($B12,Raw_Material_Data!$A$5:$A$16,0)) -> 45 | F12: =INDEX(Raw_Material_Data!$F$5:$F$16,MATCH($B12,Raw_Material_Data!$A$5:$A$16,0)) -> 12 | G12: =INDEX(Raw_Material_Data!$G$5:$G$16,MATCH($B12,Raw_Material_Data!$A$5:$A$16,0)) -> 9 | H12: =INDEX(Raw_Material_Data!$H$5:$H$16,MATCH($B12,Raw_Material_Data!$A$5:$A$16,0)) -> 2 | I12: =INDEX(Raw_Material_Data!$I$5:$I$16,MATCH($B12,Raw_Material_Data!$A$5:$A$16,0)) -> 110 | J12: =INDEX(Raw_Material_Data!$J$5:$J$16,MATCH($B12,Raw_Material_Data!$A$5:$A$16,0)) -> 580 | K12: =INDEX(Raw_Material_Data!$K$5:$K$16,MATCH($B12,Raw_Material_Data!$A$5:$A$16,0)) -> 300 | L12: =IF($D12="A",$T$6,IF($D12="B",$T$7,$T$8))*SQRT(G12*F12^2+E12^2*H12^2) -> 124.2246 | M12: =E12*G12+L12 -> 529.2246 | N12: =IF(J12<M12,"REORDER NOW","OK") -> OK | O12: =SQRT(2*E12*365*$T$4/($T$5*I12)) -> 1496.587 | P12: =IF(N12="REORDER NOW",ROUNDUP(MAX(O12,K12)/K12,0)*K12,0) -> 0 | Q12: =P12*I12 -> 0
A13: 9 | B13: RM-09 | C13: =INDEX(Raw_Material_Data!$B$5:$B$16,MATCH($B13,Raw_Material_Data!$A$5:$A$16,0)) -> Wax Compound Additive | D13: =INDEX(ABC_Classification!$G$5:$G$16,MATCH($B13,ABC_Classification!$B$5:$B$16,0)) -> C | E13: =INDEX(Raw_Material_Data!$E$5:$E$16,MATCH($B13,Raw_Material_Data!$A$5:$A$16,0)) -> 8 | F13: =INDEX(Raw_Material_Data!$F$5:$F$16,MATCH($B13,Raw_Material_Data!$A$5:$A$16,0)) -> 3 | G13: =INDEX(Raw_Material_Data!$G$5:$G$16,MATCH($B13,Raw_Material_Data!$A$5:$A$16,0)) -> 14 | H13: =INDEX(Raw_Material_Data!$H$5:$H$16,MATCH($B13,Raw_Material_Data!$A$5:$A$16,0)) -> 3 | I13: =INDEX(Raw_Material_Data!$I$5:$I$16,MATCH($B13,Raw_Material_Data!$A$5:$A$16,0)) -> 320 | J13: =INDEX(Raw_Material_Data!$J$5:$J$16,MATCH($B13,Raw_Material_Data!$A$5:$A$16,0)) -> 200 | K13: =INDEX(Raw_Material_Data!$K$5:$K$16,MATCH($B13,Raw_Material_Data!$A$5:$A$16,0)) -> 50 | L13: =IF($D13="A",$T$6,IF($D13="B",$T$7,$T$8))*SQRT(G13*F13^2+E13^2*H13^2) -> 33.955071 | M13: =E13*G13+L13 -> 145.95507 | N13: =IF(J13<M13,"REORDER NOW","OK") -> OK | O13: =SQRT(2*E13*365*$T$4/($T$5*I13)) -> 369.96621 | P13: =IF(N13="REORDER NOW",ROUNDUP(MAX(O13,K13)/K13,0)*K13,0) -> 0 | Q13: =P13*I13 -> 0
A14: 10 | B14: RM-10 | C14: =INDEX(Raw_Material_Data!$B$5:$B$16,MATCH($B14,Raw_Material_Data!$A$5:$A$16,0)) -> Defoamer Additive | D14: =INDEX(ABC_Classification!$G$5:$G$16,MATCH($B14,ABC_Classification!$B$5:$B$16,0)) -> C | E14: =INDEX(Raw_Material_Data!$E$5:$E$16,MATCH($B14,Raw_Material_Data!$A$5:$A$16,0)) -> 5 | F14: =INDEX(Raw_Material_Data!$F$5:$F$16,MATCH($B14,Raw_Material_Data!$A$5:$A$16,0)) -> 2 | G14: =INDEX(Raw_Material_Data!$G$5:$G$16,MATCH($B14,Raw_Material_Data!$A$5:$A$16,0)) -> 10 | H14: =INDEX(Raw_Material_Data!$H$5:$H$16,MATCH($B14,Raw_Material_Data!$A$5:$A$16,0)) -> 2 | I14: =INDEX(Raw_Material_Data!$I$5:$I$16,MATCH($B14,Raw_Material_Data!$A$5:$A$16,0)) -> 450 | J14: =INDEX(Raw_Material_Data!$J$5:$J$16,MATCH($B14,Raw_Material_Data!$A$5:$A$16,0)) -> 100 | K14: =INDEX(Raw_Material_Data!$K$5:$K$16,MATCH($B14,Raw_Material_Data!$A$5:$A$16,0)) -> 25 | L14: =IF($D14="A",$T$6,IF($D14="B",$T$7,$T$8))*SQRT(G14*F14^2+E14^2*H14^2) -> 15.163523 | M14: =E14*G14+L14 -> 65.163523 | N14: =IF(J14<M14,"REORDER NOW","OK") -> OK | O14: =SQRT(2*E14*365*$T$4/($T$5*I14)) -> 246.64414 | P14: =IF(N14="REORDER NOW",ROUNDUP(MAX(O14,K14)/K14,0)*K14,0) -> 0 | Q14: =P14*I14 -> 0
A15: 11 | B15: RM-11 | C15: =INDEX(Raw_Material_Data!$B$5:$B$16,MATCH($B15,Raw_Material_Data!$A$5:$A$16,0)) -> Aluminium Paste (Metallic Silver) | D15: =INDEX(ABC_Classification!$G$5:$G$16,MATCH($B15,ABC_Classification!$B$5:$B$16,0)) -> A | E15: =INDEX(Raw_Material_Data!$E$5:$E$16,MATCH($B15,Raw_Material_Data!$A$5:$A$16,0)) -> 10 | F15: =INDEX(Raw_Material_Data!$F$5:$F$16,MATCH($B15,Raw_Material_Data!$A$5:$A$16,0)) -> 5 | G15: =INDEX(Raw_Material_Data!$G$5:$G$16,MATCH($B15,Raw_Material_Data!$A$5:$A$16,0)) -> 30 | H15: =INDEX(Raw_Material_Data!$H$5:$H$16,MATCH($B15,Raw_Material_Data!$A$5:$A$16,0)) -> 7 | I15: =INDEX(Raw_Material_Data!$I$5:$I$16,MATCH($B15,Raw_Material_Data!$A$5:$A$16,0)) -> 1800 | J15: =INDEX(Raw_Material_Data!$J$5:$J$16,MATCH($B15,Raw_Material_Data!$A$5:$A$16,0)) -> 200 | K15: =INDEX(Raw_Material_Data!$K$5:$K$16,MATCH($B15,Raw_Material_Data!$A$5:$A$16,0)) -> 50 | L15: =IF($D15="A",$T$6,IF($D15="B",$T$7,$T$8))*SQRT(G15*F15^2+E15^2*H15^2) -> 174.86339 | M15: =E15*G15+L15 -> 474.86339 | N15: =IF(J15<M15,"REORDER NOW","OK") -> REORDER NOW | O15: =SQRT(2*E15*365*$T$4/($T$5*I15)) -> 174.40375 | P15: =IF(N15="REORDER NOW",ROUNDUP(MAX(O15,K15)/K15,0)*K15,0) -> 200 | Q15: =P15*I15 -> 360000
A16: 12 | B16: RM-12 | C16: =INDEX(Raw_Material_Data!$B$5:$B$16,MATCH($B16,Raw_Material_Data!$A$5:$A$16,0)) -> Yellow/Red Organic Pigment | D16: =INDEX(ABC_Classification!$G$5:$G$16,MATCH($B16,ABC_Classification!$B$5:$B$16,0)) -> A | E16: =INDEX(Raw_Material_Data!$E$5:$E$16,MATCH($B16,Raw_Material_Data!$A$5:$A$16,0)) -> 15 | F16: =INDEX(Raw_Material_Data!$F$5:$F$16,MATCH($B16,Raw_Material_Data!$A$5:$A$16,0)) -> 5 | G16: =INDEX(Raw_Material_Data!$G$5:$G$16,MATCH($B16,Raw_Material_Data!$A$5:$A$16,0)) -> 16 | H16: =INDEX(Raw_Material_Data!$H$5:$H$16,MATCH($B16,Raw_Material_Data!$A$5:$A$16,0)) -> 3 | I16: =INDEX(Raw_Material_Data!$I$5:$I$16,MATCH($B16,Raw_Material_Data!$A$5:$A$16,0)) -> 650 | J16: =INDEX(Raw_Material_Data!$J$5:$J$16,MATCH($B16,Raw_Material_Data!$A$5:$A$16,0)) -> 340 | K16: =INDEX(Raw_Material_Data!$K$5:$K$16,MATCH($B16,Raw_Material_Data!$A$5:$A$16,0)) -> 100 | L16: =IF($D16="A",$T$6,IF($D16="B",$T$7,$T$8))*SQRT(G16*F16^2+E16^2*H16^2) -> 114.55935 | M16: =E16*G16+L16 -> 354.55935 | N16: =IF(J16<M16,"REORDER NOW","OK") -> REORDER NOW | O16: =SQRT(2*E16*365*$T$4/($T$5*I16)) -> 355.45204 | P16: =IF(N16="REORDER NOW",ROUNDUP(MAX(O16,K16)/K16,0)*K16,0) -> 400 | Q16: =P16*I16 -> 260000

Sheet Summary
A1: Summary — Manual vs AI-Naive vs Agent
A2: 12 raw materials, three reorder policies
A4: Metric | B4: Manual (flat 14-day) | C4: AI-Naive (uniform 95%) | D4: Agent (ABC-tiered)
A5: Items flagged “Reorder Now” (of 12) | B5: =COUNTIF(Manual_Policy!I5:I16,"REORDER NOW") -> 2 | C5: =COUNTIF(AI_Naive_Policy!K5:K16,"REORDER NOW") -> 2 | D5: =COUNTIF(Agent_Policy!N5:N16,"REORDER NOW") -> 4
A6: Of which: Class-A / long-lead items | B6: 0 | C6: 2 | D6: 4
A7: Total safety-stock value held (INR) | B7: — | C7: =SUMPRODUCT(AI_Naive_Policy!I5:I16,Raw_Material_Data!I5:I16) -> 789370.45 | D7: =SUMPRODUCT(Agent_Policy!L5:L16,Agent_Policy!I5:I16) -> 1018476.8
A8: Suggested PO value raised this cycle (INR) | B8: — | C8: — | D8: =SUM(Agent_Policy!Q5:Q16) -> 1560000
A11: Reading the result
A12: The flat 14-day rule flags 2 items — but both are false alarms on high-volume, short-lead solvents that don't actually need it (check Manual_Policy vs AI_Naive_Policy for RM-07 and RM-08). Worse, it completely misses real stock-out risk on two long-lead pigments (RM-01, 21-day lead time, and RM-11, 30-day lead time) because their average daily usage is low enough that 14 days of cover looks fine on paper. The uniform 95% model catches those two, but still treats a critical pigment the same as a routine additive. The Agent applies a tighter service level to Class-A items specifically, catching two more real risks (RM-04, RM-12) that the uniform model still missed — and produces a ready-to-approve purchase order for each one.
