Workbook

Sheet ReadMe
A1: PEREPA EDU | AI for Production Planning
A2: Case Study 1 — Colour-Run Batch Scheduling for an Ink Manufacturer
A5: Scenario | B5: ChromaTech Inks Pvt Ltd is a fictional printing-ink & coatings manufacturer (modelled on the
B6: Flexible Packaging / Narrow Web business of a global inks group) supplying converters in India.
A8: Problem | B8: One mixing/dispersion line must run 20 confirmed colour-batch orders this week. Switching
B9: between colour families forces a tank wash-up; the wash-up time depends on the FROM -> TO
B10: colour transition (see Changeover_Matrix). Planners currently sequence by earliest due date,
B11: which ignores changeover cost and wastes production capacity.
A13: How to use this file | B13: 1. Order_Data = the raw order book (input, do not edit).
B14: 2. Changeover_Matrix = wash-up time in minutes between colour families (input).
B15: 3. Manual_Schedule = today's approach: sequence by earliest due date (FCFS/EDD).
B16: 4. AI_Naive_Schedule = a colour-clustering heuristic (a simple stand-in for what an
B17: unconstrained optimizer/AI model would propose to minimise changeover).
B18: 5. Agent_Schedule = the same clustering logic but with a hard business rule enforced —
B19: Rush orders may never be scheduled after their due day. This is what an AI *agent*
B20: adds: it doesn't just optimise, it enforces constraints and re-plans around them.
B21: 6. Summary = side-by-side comparison + chart.
A23: Assumptions | B23: Mixing rate: 8 kg/minute per batch. Line capacity: 960 minutes/day (2 x 8-hr shifts).
B24: Schedule start: Monday 06-Oct-2026. All numbers are illustrative training data.
A26: Exercise for trainees | B26: Re-order the OrderID column on a copy of AI_Naive_Schedule (try a different
B27: sequencing rule) and watch Total Changeover / OTIF recalculate. Then try building the same
B28: sequencing rule as a Power Query / Python function so it runs automatically on a new order file.

Sheet Order_Data
A1: Order_Data (input)
A2: Raw order book — 20 confirmed batches for the week of 06-Oct-2026
A4: OrderID | B4: Customer | C4: Product | D4: Colour Family | E4: Qty (kg) | F4: Due Date | G4: Priority
A5: ORD-101 | B5: Sunrise FlexiPack | C5: Flexo Ink - Cyan | D5: Medium | E5: 450 | F5: 46301 | G5: Standard
A6: ORD-102 | B6: Apex Labels | C6: UV Ink - White | D6: White | E6: 300 | F6: 46301 | G6: Rush
A7: ORD-103 | B7: NorthStar Converters | C7: Solvent Ink - Black | D7: Black | E7: 600 | F7: 46302 | G7: Standard
A8: ORD-104 | B8: Trident Packaging | C8: Flexo Ink - Yellow | D8: Light | E8: 250 | F8: 46301 | G8: Standard
A9: ORD-105 | B9: Kavya Print Solutions | C9: Gravure Ink - Magenta | D9: Medium | E9: 500 | F9: 46303 | G9: Standard
A10: ORD-106 | B10: Om Flexibles | C10: UV Ink - Silver | D10: Metallic | E10: 200 | F10: 46302 | G10: Rush
A11: ORD-107 | B11: Sunrise FlexiPack | C11: Flexo Ink - Deep Blue | D11: Dark | E11: 700 | F11: 46302 | G11: Standard
A12: ORD-108 | B12: Apex Labels | C12: Solvent Ink - White | D12: White | E12: 350 | F12: 46303 | G12: Standard
A13: ORD-109 | B13: NorthStar Converters | C13: Flexo Ink - Orange | D13: Light | E13: 400 | F13: 46301 | G13: Standard
A14: ORD-110 | B14: Trident Packaging | C14: Gravure Ink - Black | D14: Black | E14: 550 | F14: 46304 | G14: Standard
A15: ORD-111 | B15: Kavya Print Solutions | C15: UV Ink - Green | D15: Medium | E15: 300 | F15: 46302 | G15: Rush
A16: ORD-112 | B16: Om Flexibles | C16: Flexo Ink - Maroon | D16: Dark | E16: 450 | F16: 46303 | G16: Standard
... A24: ORD-120 | B24: Apex Labels | C24: Flexo Ink - Magenta | D24: Medium | E24: 450 | F24: 46305 | G24: Standard

Sheet Changeover_Matrix
A1: Changeover_Matrix (input)
A2: Tank wash-up time in minutes, FROM (row) -> TO (column). Light-to-dark is quick; dark-to-light needs a full purge.
A4: FROM \ TO | B4: White | C4: Light | D4: Medium | E4: Dark | F4: Black | G4: Metallic
A5: White | B5: 15 | C5: 30 | D5: 45 | E5: 60 | F5: 75 | G5: 60
A6: Light | B6: 60 | C6: 15 | D6: 30 | E6: 45 | F6: 60 | G6: 45
A7: Medium | B7: 75 | C7: 60 | D7: 15 | E7: 30 | F7: 45 | G7: 30
A8: Dark | B8: 90 | C8: 75 | D8: 60 | E8: 15 | F8: 30 | G8: 45
A9: Black | B9: 105 | C9: 90 | D9: 75 | E9: 60 | F9: 15 | G9: 60
A10: Metallic | B10: 90 | C10: 75 | D10: 60 | E10: 45 | F10: 60 | G10: 15

Sheet Manual_Schedule
A1: Manual_Schedule (today's method)
A2: Sequenced by earliest due date (FCFS / EDD) — no regard for colour changeover cost
A4: Seq | B4: OrderID | C4: Customer | D4: Product | E4: Colour Family | F4: Qty (kg) | G4: Due Date | H4: Priority | I4: Change- over (min) | J4: Process Time (min) | K4: Cumulative (min) | L4: Due Day# | M4: Sched. Day# | N4: OTIF | P4: Assumptions
A5: 1 | B5: ORD-101 | C5: =INDEX(Order_Data!$B$5:$B$24,MATCH($B5,Order_Data!$A$5:$A$24,0)) -> Sunrise FlexiPack | D5: =INDEX(Order_Data!$C$5:$C$24,MATCH($B5,Order_Data!$A$5:$A$24,0)) -> Flexo Ink - Cyan | E5: =INDEX(Order_Data!$D$5:$D$24,MATCH($B5,Order_Data!$A$5:$A$24,0)) -> Medium | F5: =INDEX(Order_Data!$E$5:$E$24,MATCH($B5,Order_Data!$A$5:$A$24,0)) -> 450 | G5: =INDEX(Order_Data!$F$5:$F$24,MATCH($B5,Order_Data!$A$5:$A$24,0)) -> 46301 | H5: =INDEX(Order_Data!$G$5:$G$24,MATCH($B5,Order_Data!$A$5:$A$24,0)) -> Standard | I5: 0 | J5: =F5/$Q$5 -> 56.25 | K5: =I5+J5 -> 56.25 | L5: =G5-$Q$7+1 -> 1 | M5: =CEILING(K5/$Q$6,1) -> 1 | N5: =IF(M5<=L5,"On Time","Late") -> On Time | P5: Mixing rate (kg/min) | Q5: 8
A6: 2 | B6: ORD-102 | C6: =INDEX(Order_Data!$B$5:$B$24,MATCH($B6,Order_Data!$A$5:$A$24,0)) -> Apex Labels | D6: =INDEX(Order_Data!$C$5:$C$24,MATCH($B6,Order_Data!$A$5:$A$24,0)) -> UV Ink - White | E6: =INDEX(Order_Data!$D$5:$D$24,MATCH($B6,Order_Data!$A$5:$A$24,0)) -> White | F6: =INDEX(Order_Data!$E$5:$E$24,MATCH($B6,Order_Data!$A$5:$A$24,0)) -> 300 | G6: =INDEX(Order_Data!$F$5:$F$24,MATCH($B6,Order_Data!$A$5:$A$24,0)) -> 46301 | H6: =INDEX(Order_Data!$G$5:$G$24,MATCH($B6,Order_Data!$A$5:$A$24,0)) -> Rush | I6: =INDEX(Changeover_Matrix!$B$5:$G$10,MATCH(E5,Changeover_Matrix!$A$5:$A$10,0),MATCH(E6,Changeover_Matrix!$B$4:$G$4,0)) -> 75 | J6: =F6/$Q$5 -> 37.5 | K6: =K5+I6+J6 -> 168.75 | L6: =G6-$Q$7+1 -> 1 | M6: =CEILING(K6/$Q$6,1) -> 1 | N6: =IF(M6<=L6,"On Time","Late") -> On Time | P6: Shift capacity (min/day) | Q6: 960
A7: 3 | B7: ORD-104 | C7: =INDEX(Order_Data!$B$5:$B$24,MATCH($B7,Order_Data!$A$5:$A$24,0)) -> Trident Packaging | D7: =INDEX(Order_Data!$C$5:$C$24,MATCH($B7,Order_Data!$A$5:$A$24,0)) -> Flexo Ink - Yellow | E7: =INDEX(Order_Data!$D$5:$D$24,MATCH($B7,Order_Data!$A$5:$A$24,0)) -> Light | F7: =INDEX(Order_Data!$E$5:$E$24,MATCH($B7,Order_Data!$A$5:$A$24,0)) -> 250 | G7: =INDEX(Order_Data!$F$5:$F$24,MATCH($B7,Order_Data!$A$5:$A$24,0)) -> 46301 | H7: =INDEX(Order_Data!$G$5:$G$24,MATCH($B7,Order_Data!$A$5:$A$24,0)) -> Standard | I7: =INDEX(Changeover_Matrix!$B$5:$G$10,MATCH(E6,Changeover_Matrix!$A$5:$A$10,0),MATCH(E7,Changeover_Matrix!$B$4:$G$4,0)) -> 30 | J7: =F7/$Q$5 -> 31.25 | K7: =K6+I7+J7 -> 230 | L7: =G7-$Q$7+1 -> 1 | M7: =CEILING(K7/$Q$6,1) -> 1 | N7: =IF(M7<=L7,"On Time","Late") -> On Time | P7: Schedule start date | Q7: 46301
A8: 4 | B8: ORD-109 | C8: =INDEX(Order_Data!$B$5:$B$24,MATCH($B8,Order_Data!$A$5:$A$24,0)) -> NorthStar Converters | D8: =INDEX(Order_Data!$C$5:$C$24,MATCH($B8,Order_Data!$A$5:$A$24,0)) -> Flexo Ink - Orange | E8: =INDEX(Order_Data!$D$5:$D$24,MATCH($B8,Order_Data!$A$5:$A$24,0)) -> Light | F8: =INDEX(Order_Data!$E$5:$E$24,MATCH($B8,Order_Data!$A$5:$A$24,0)) -> 400 | G8: =INDEX(Order_Data!$F$5:$F$24,MATCH($B8,Order_Data!$A$5:$A$24,0)) -> 46301 | H8: =INDEX(Order_Data!$G$5:$G$24,MATCH($B8,Order_Data!$A$5:$A$24,0)) -> Standard | I8: =INDEX(Changeover_Matrix!$B$5:$G$10,MATCH(E7,Changeover_Matrix!$A$5:$A$10,0),MATCH(E8,Changeover_Matrix!$B$4:$G$4,0)) -> 15 | J8: =F8/$Q$5 -> 50 | K8: =K7+I8+J8 -> 295 | L8: =G8-$Q$7+1 -> 1 | M8: =CEILING(K8/$Q$6,1) -> 1 | N8: =IF(M8<=L8,"On Time","Late") -> On Time
A9: 5 | B9: ORD-116 | C9: =INDEX(Order_Data!$B$5:$B$24,MATCH($B9,Order_Data!$A$5:$A$24,0)) -> Trident Packaging | D9: =INDEX(Order_Data!$C$5:$C$24,MATCH($B9,Order_Data!$A$5:$A$24,0)) -> UV Ink - Black | E9: =INDEX(Order_Data!$D$5:$D$24,MATCH($B9,Order_Data!$A$5:$A$24,0)) -> Black | F9: =INDEX(Order_Data!$E$5:$E$24,MATCH($B9,Order_Data!$A$5:$A$24,0)) -> 650 | G9: =INDEX(Order_Data!$F$5:$F$24,MATCH($B9,Order_Data!$A$5:$A$24,0)) -> 46301 | H9: =INDEX(Order_Data!$G$5:$G$24,MATCH($B9,Order_Data!$A$5:$A$24,0)) -> Rush | I9: =INDEX(Changeover_Matrix!$B$5:$G$10,MATCH(E8,Changeover_Matrix!$A$5:$A$10,0),MATCH(E9,Changeover_Matrix!$B$4:$G$4,0)) -> 60 | J9: =F9/$Q$5 -> 81.25 | K9: =K8+I9+J9 -> 436.25 | L9: =G9-$Q$7+1 -> 1 | M9: =CEILING(K9/$Q$6,1) -> 1 | N9: =IF(M9<=L9,"On Time","Late") -> On Time
A10: 6 | B10: ORD-103 | C10: =INDEX(Order_Data!$B$5:$B$24,MATCH($B10,Order_Data!$A$5:$A$24,0)) -> NorthStar Converters | D10: =INDEX(Order_Data!$C$5:$C$24,MATCH($B10,Order_Data!$A$5:$A$24,0)) -> Solvent Ink - Black | E10: =INDEX(Order_Data!$D$5:$D$24,MATCH($B10,Order_Data!$A$5:$A$24,0)) -> Black | F10: =INDEX(Order_Data!$E$5:$E$24,MATCH($B10,Order_Data!$A$5:$A$24,0)) -> 600 | G10: =INDEX(Order_Data!$F$5:$F$24,MATCH($B10,Order_Data!$A$5:$A$24,0)) -> 46302 | H10: =INDEX(Order_Data!$G$5:$G$24,MATCH($B10,Order_Data!$A$5:$A$24,0)) -> Standard | I10: =INDEX(Changeover_Matrix!$B$5:$G$10,MATCH(E9,Changeover_Matrix!$A$5:$A$10,0),MATCH(E10,Changeover_Matrix!$B$4:$G$4,0)) -> 15 | J10: =F10/$Q$5 -> 75 | K10: =K9+I10+J10 -> 526.25 | L10: =G10-$Q$7+1 -> 2 | M10: =CEILING(K10/$Q$6,1) -> 1 | N10: =IF(M10<=L10,"On Time","Late") -> On Time
A11: 7 | B11: ORD-106 | C11: =INDEX(Order_Data!$B$5:$B$24,MATCH($B11,Order_Data!$A$5:$A$24,0)) -> Om Flexibles | D11: =INDEX(Order_Data!$C$5:$C$24,MATCH($B11,Order_Data!$A$5:$A$24,0)) -> UV Ink - Silver | E11: =INDEX(Order_Data!$D$5:$D$24,MATCH($B11,Order_Data!$A$5:$A$24,0)) -> Metallic | F11: =INDEX(Order_Data!$E$5:$E$24,MATCH($B11,Order_Data!$A$5:$A$24,0)) -> 200 | G11: =INDEX(Order_Data!$F$5:$F$24,MATCH($B11,Order_Data!$A$5:$A$24,0)) -> 46302 | H11: =INDEX(Order_Data!$G$5:$G$24,MATCH($B11,Order_Data!$A$5:$A$24,0)) -> Rush | I11: =INDEX(Changeover_Matrix!$B$5:$G$10,MATCH(E10,Changeover_Matrix!$A$5:$A$10,0),MATCH(E11,Changeover_Matrix!$B$4:$G$4,0)) -> 60 | J11: =F11/$Q$5 -> 25 | K11: =K10+I11+J11 -> 611.25 | L11: =G11-$Q$7+1 -> 2 | M11: =CEILING(K11/$Q$6,1) -> 1 | N11: =IF(M11<=L11,"On Time","Late") -> On Time
A12: 8 | B12: ORD-107 | C12: =INDEX(Order_Data!$B$5:$B$24,MATCH($B12,Order_Data!$A$5:$A$24,0)) -> Sunrise FlexiPack | D12: =INDEX(Order_Data!$C$5:$C$24,MATCH($B12,Order_Data!$A$5:$A$24,0)) -> Flexo Ink - Deep Blue | E12: =INDEX(Order_Data!$D$5:$D$24,MATCH($B12,Order_Data!$A$5:$A$24,0)) -> Dark | F12: =INDEX(Order_Data!$E$5:$E$24,MATCH($B12,Order_Data!$A$5:$A$24,0)) -> 700 | G12: =INDEX(Order_Data!$F$5:$F$24,MATCH($B12,Order_Data!$A$5:$A$24,0)) -> 46302 | H12: =INDEX(Order_Data!$G$5:$G$24,MATCH($B12,Order_Data!$A$5:$A$24,0)) -> Standard | I12: =INDEX(Changeover_Matrix!$B$5:$G$10,MATCH(E11,Changeover_Matrix!$A$5:$A$10,0),MATCH(E12,Changeover_Matrix!$B$4:$G$4,0)) -> 45 | J12: =F12/$Q$5 -> 87.5 | K12: =K11+I12+J12 -> 743.75 | L12: =G12-$Q$7+1 -> 2 | M12: =CEILING(K12/$Q$6,1) -> 1 | N12: =IF(M12<=L12,"On Time","Late") -> On Time
A13: 9 | B13: ORD-111 | C13: =INDEX(Order_Data!$B$5:$B$24,MATCH($B13,Order_Data!$A$5:$A$24,0)) -> Kavya Print Solutions | D13: =INDEX(Order_Data!$C$5:$C$24,MATCH($B13,Order_Data!$A$5:$A$24,0)) -> UV Ink - Green | E13: =INDEX(Order_Data!$D$5:$D$24,MATCH($B13,Order_Data!$A$5:$A$24,0)) -> Medium | F13: =INDEX(Order_Data!$E$5:$E$24,MATCH($B13,Order_Data!$A$5:$A$24,0)) -> 300 | G13: =INDEX(Order_Data!$F$5:$F$24,MATCH($B13,Order_Data!$A$5:$A$24,0)) -> 46302 | H13: =INDEX(Order_Data!$G$5:$G$24,MATCH($B13,Order_Data!$A$5:$A$24,0)) -> Rush | I13: =INDEX(Changeover_Matrix!$B$5:$G$10,MATCH(E12,Changeover_Matrix!$A$5:$A$10,0),MATCH(E13,Changeover_Matrix!$B$4:$G$4,0)) -> 60 | J13: =F13/$Q$5 -> 37.5 | K13: =K12+I13+J13 -> 841.25 | L13: =G13-$Q$7+1 -> 2 | M13: =CEILING(K13/$Q$6,1) -> 1 | N13: =IF(M13<=L13,"On Time","Late") -> On Time
A14: 10 | B14: ORD-114 | C14: =INDEX(Order_Data!$B$5:$B$24,MATCH($B14,Order_Data!$A$5:$A$24,0)) -> Apex Labels | D14: =INDEX(Order_Data!$C$5:$C$24,MATCH($B14,Order_Data!$A$5:$A$24,0)) -> Flexo Ink - Cyan | E14: =INDEX(Order_Data!$D$5:$D$24,MATCH($B14,Order_Data!$A$5:$A$24,0)) -> Medium | F14: =INDEX(Order_Data!$E$5:$E$24,MATCH($B14,Order_Data!$A$5:$A$24,0)) -> 400 | G14: =INDEX(Order_Data!$F$5:$F$24,MATCH($B14,Order_Data!$A$5:$A$24,0)) -> 46302 | H14: =INDEX(Order_Data!$G$5:$G$24,MATCH($B14,Order_Data!$A$5:$A$24,0)) -> Standard | I14: =INDEX(Changeover_Matrix!$B$5:$G$10,MATCH(E13,Changeover_Matrix!$A$5:$A$10,0),MATCH(E14,Changeover_Matrix!$B$4:$G$4,0)) -> 15 | J14: =F14/$Q$5 -> 50 | K14: =K13+I14+J14 -> 906.25 | L14: =G14-$Q$7+1 -> 2 | M14: =CEILING(K14/$Q$6,1) -> 1 | N14: =IF(M14<=L14,"On Time","Late") -> On Time
A15: 11 | B15: ORD-105 | C15: =INDEX(Order_Data!$B$5:$B$24,MATCH($B15,Order_Data!$A$5:$A$24,0)) -> Kavya Print Solutions | D15: =INDEX(Order_Data!$C$5:$C$24,MATCH($B15,Order_Data!$A$5:$A$24,0)) -> Gravure Ink - Magenta | E15: =INDEX(Order_Data!$D$5:$D$24,MATCH($B15,Order_Data!$A$5:$A$24,0)) -> Medium | F15: =INDEX(Order_Data!$E$5:$E$24,MATCH($B15,Order_Data!$A$5:$A$24,0)) -> 500 | G15: =INDEX(Order_Data!$F$5:$F$24,MATCH($B15,Order_Data!$A$5:$A$24,0)) -> 46303 | H15: =INDEX(Order_Data!$G$5:$G$24,MATCH($B15,Order_Data!$A$5:$A$24,0)) -> Standard | I15: =INDEX(Changeover_Matrix!$B$5:$G$10,MATCH(E14,Changeover_Matrix!$A$5:$A$10,0),MATCH(E15,Changeover_Matrix!$B$4:$G$4,0)) -> 15 | J15: =F15/$Q$5 -> 62.5 | K15: =K14+I15+J15 -> 983.75 | L15: =G15-$Q$7+1 -> 3 | M15: =CEILING(K15/$Q$6,1) -> 2 | N15: =IF(M15<=L15,"On Time","Late") -> On Time
A16: 12 | B16: ORD-108 | C16: =INDEX(Order_Data!$B$5:$B$24,MATCH($B16,Order_Data!$A$5:$A$24,0)) -> Apex Labels | D16: =INDEX(Order_Data!$C$5:$C$24,MATCH($B16,Order_Data!$A$5:$A$24,0)) -> Solvent Ink - White | E16: =INDEX(Order_Data!$D$5:$D$24,MATCH($B16,Order_Data!$A$5:$A$24,0)) -> White | F16: =INDEX(Order_Data!$E$5:$E$24,MATCH($B16,Order_Data!$A$5:$A$24,0)) -> 350 | G16: =INDEX(Order_Data!$F$5:$F$24,MATCH($B16,Order_Data!$A$5:$A$24,0)) -> 46303 | H16: =INDEX(Order_Data!$G$5:$G$24,MATCH($B16,Order_Data!$A$5:$A$24,0)) -> Standard | I16: =INDEX(Changeover_Matrix!$B$5:$G$10,MATCH(E15,Changeover_Matrix!$A$5:$A$10,0),MATCH(E16,Changeover_Matrix!$B$4:$G$4,0)) -> 75 | J16: =F16/$Q$5 -> 43.75 | K16: =K15+I16+J16 -> 1102.5 | L16: =G16-$Q$7+1 -> 3 | M16: =CEILING(K16/$Q$6,1) -> 2 | N16: =IF(M16<=L16,"On Time","Late") -> On Time
A17: 13 | B17: ORD-112 | C17: =INDEX(Order_Data!$B$5:$B$24,MATCH($B17,Order_Data!$A$5:$A$24,0)) -> Om Flexibles | D17: =INDEX(Order_Data!$C$5:$C$24,MATCH($B17,Order_Data!$A$5:$A$24,0)) -> Flexo Ink - Maroon | E17: =INDEX(Order_Data!$D$5:$D$24,MATCH($B17,Order_Data!$A$5:$A$24,0)) -> Dark | F17: =INDEX(Order_Data!$E$5:$E$24,MATCH($B17,Order_Data!$A$5:$A$24,0)) -> 450 | G17: =INDEX(Order_Data!$F$5:$F$24,MATCH($B17,Order_Data!$A$5:$A$24,0)) -> 46303 | H17: =INDEX(Order_Data!$G$5:$G$24,MATCH($B17,Order_Data!$A$5:$A$24,0)) -> Standard | I17: =INDEX(Changeover_Matrix!$B$5:$G$10,MATCH(E16,Changeover_Matrix!$A$5:$A$10,0),MATCH(E17,Changeover_Matrix!$B$4:$G$4,0)) -> 60 | J17: =F17/$Q$5 -> 56.25 | K17: =K16+I17+J17 -> 1218.75 | L17: =G17-$Q$7+1 -> 3 | M17: =CEILING(K17/$Q$6,1) -> 2 | N17: =IF(M17<=L17,"On Time","Late") -> On Time
A18: 14 | B18: ORD-119 | C18: =INDEX(Order_Data!$B$5:$B$24,MATCH($B18,Order_Data!$A$5:$A$24,0)) -> Sunrise FlexiPack | D18: =INDEX(Order_Data!$C$5:$C$24,MATCH($B18,Order_Data!$A$5:$A$24,0)) -> Gravure Ink - Silver | E18: =INDEX(Order_Data!$D$5:$D$24,MATCH($B18,Order_Data!$A$5:$A$24,0)) -> Metallic | F18: =INDEX(Order_Data!$E$5:$E$24,MATCH($B18,Order_Data!$A$5:$A$24,0)) -> 300 | G18: =INDEX(Order_Data!$F$5:$F$24,MATCH($B18,Order_Data!$A$5:$A$24,0)) -> 46303 | H18: =INDEX(Order_Data!$G$5:$G$24,MATCH($B18,Order_Data!$A$5:$A$24,0)) -> Standard | I18: =INDEX(Changeover_Matrix!$B$5:$G$10,MATCH(E17,Changeover_Matrix!$A$5:$A$10,0),MATCH(E18,Changeover_Matrix!$B$4:$G$4,0)) -> 45 | J18: =F18/$Q$5 -> 37.5 | K18: =K17+I18+J18 -> 1301.25 | L18: =G18-$Q$7+1 -> 3 | M18: =CEILING(K18/$Q$6,1) -> 2 | N18: =IF(M18<=L18,"On Time","Late") -> On Time
A19: 15 | B19: ORD-110 | C19: =INDEX(Order_Data!$B$5:$B$24,MATCH($B19,Order_Data!$A$5:$A$24,0)) -> Trident Packaging | D19: =INDEX(Order_Data!$C$5:$C$24,MATCH($B19,Order_Data!$A$5:$A$24,0)) -> Gravure Ink - Black | E19: =INDEX(Order_Data!$D$5:$D$24,MATCH($B19,Order_Data!$A$5:$A$24,0)) -> Black | F19: =INDEX(Order_Data!$E$5:$E$24,MATCH($B19,Order_Data!$A$5:$A$24,0)) -> 550 | G19: =INDEX(Order_Data!$F$5:$F$24,MATCH($B19,Order_Data!$A$5:$A$24,0)) -> 46304 | H19: =INDEX(Order_Data!$G$5:$G$24,MATCH($B19,Order_Data!$A$5:$A$24,0)) -> Standard | I19: =INDEX(Changeover_Matrix!$B$5:$G$10,MATCH(E18,Changeover_Matrix!$A$5:$A$10,0),MATCH(E19,Changeover_Matrix!$B$4:$G$4,0)) -> 60 | J19: =F19/$Q$5 -> 68.75 | K19: =K18+I19+J19 -> 1430 | L19: =G19-$Q$7+1 -> 4 | M19: =CEILING(K19/$Q$6,1) -> 2 | N19: =IF(M19<=L19,"On Time","Late") -> On Time
... A24: 20 | B24: ORD-120 | C24: =INDEX(Order_Data!$B$5:$B$24,MATCH($B24,Order_Data!$A$5:$A$24,0)) -> Apex Labels | D24: =INDEX(Order_Data!$C$5:$C$24,MATCH($B24,Order_Data!$A$5:$A$24,0)) -> Flexo Ink - Magenta | E24: =INDEX(Order_Data!$D$5:$D$24,MATCH($B24,Order_Data!$A$5:$A$24,0)) -> Medium | F24: =INDEX(Order_Data!$E$5:$E$24,MATCH($B24,Order_Data!$A$5:$A$24,0)) -> 450 | G24: =INDEX(Order_Data!$F$5:$F$24,MATCH($B24,Order_Data!$A$5:$A$24,0)) -> 46305 | H24: =INDEX(Order_Data!$G$5:$G$24,MATCH($B24,Order_Data!$A$5:$A$24,0)) -> Standard | I24: =INDEX(Changeover_Matrix!$B$5:$G$10,MATCH(E23,Changeover_Matrix!$A$5:$A$10,0),MATCH(E24,Changeover_Matrix!$B$4:$G$4,0)) -> 30 | J24: =F24/$Q$5 -> 56.25 | K24: =K23+I24+J24 -> 1935 | L24: =G24-$Q$7+1 -> 5 | M24: =CEILING(K24/$Q$6,1) -> 3 | N24: =IF(M24<=L24,"On Time","Late") -> On Time

Sheet AI_Naive_Schedule
A1: AI_Naive_Schedule (unconstrained optimisation)
A2: Sequenced to minimise changeover only (White -> Light -> Medium -> Dark -> Black -> Metallic)
A4: Seq | B4: OrderID | C4: Customer | D4: Product | E4: Colour Family | F4: Qty (kg) | G4: Due Date | H4: Priority | I4: Change- over (min) | J4: Process Time (min) | K4: Cumulative (min) | L4: Due Day# | M4: Sched. Day# | N4: OTIF | P4: Assumptions
A5: 1 | B5: ORD-102 | C5: =INDEX(Order_Data!$B$5:$B$24,MATCH($B5,Order_Data!$A$5:$A$24,0)) -> Apex Labels | D5: =INDEX(Order_Data!$C$5:$C$24,MATCH($B5,Order_Data!$A$5:$A$24,0)) -> UV Ink - White | E5: =INDEX(Order_Data!$D$5:$D$24,MATCH($B5,Order_Data!$A$5:$A$24,0)) -> White | F5: =INDEX(Order_Data!$E$5:$E$24,MATCH($B5,Order_Data!$A$5:$A$24,0)) -> 300 | G5: =INDEX(Order_Data!$F$5:$F$24,MATCH($B5,Order_Data!$A$5:$A$24,0)) -> 46301 | H5: =INDEX(Order_Data!$G$5:$G$24,MATCH($B5,Order_Data!$A$5:$A$24,0)) -> Rush | I5: 0 | J5: =F5/$Q$5 -> 37.5 | K5: =I5+J5 -> 37.5 | L5: =G5-$Q$7+1 -> 1 | M5: =CEILING(K5/$Q$6,1) -> 1 | N5: =IF(M5<=L5,"On Time","Late") -> On Time | P5: Mixing rate (kg/min) | Q5: 8
A6: 2 | B6: ORD-108 | C6: =INDEX(Order_Data!$B$5:$B$24,MATCH($B6,Order_Data!$A$5:$A$24,0)) -> Apex Labels | D6: =INDEX(Order_Data!$C$5:$C$24,MATCH($B6,Order_Data!$A$5:$A$24,0)) -> Solvent Ink - White | E6: =INDEX(Order_Data!$D$5:$D$24,MATCH($B6,Order_Data!$A$5:$A$24,0)) -> White | F6: =INDEX(Order_Data!$E$5:$E$24,MATCH($B6,Order_Data!$A$5:$A$24,0)) -> 350 | G6: =INDEX(Order_Data!$F$5:$F$24,MATCH($B6,Order_Data!$A$5:$A$24,0)) -> 46303 | H6: =INDEX(Order_Data!$G$5:$G$24,MATCH($B6,Order_Data!$A$5:$A$24,0)) -> Standard | I6: =INDEX(Changeover_Matrix!$B$5:$G$10,MATCH(E5,Changeover_Matrix!$A$5:$A$10,0),MATCH(E6,Changeover_Matrix!$B$4:$G$4,0)) -> 15 | J6: =F6/$Q$5 -> 43.75 | K6: =K5+I6+J6 -> 96.25 | L6: =G6-$Q$7+1 -> 3 | M6: =CEILING(K6/$Q$6,1) -> 1 | N6: =IF(M6<=L6,"On Time","Late") -> On Time | P6: Shift capacity (min/day) | Q6: 960
A7: 3 | B7: ORD-115 | C7: =INDEX(Order_Data!$B$5:$B$24,MATCH($B7,Order_Data!$A$5:$A$24,0)) -> NorthStar Converters | D7: =INDEX(Order_Data!$C$5:$C$24,MATCH($B7,Order_Data!$A$5:$A$24,0)) -> Gravure Ink - White | E7: =INDEX(Order_Data!$D$5:$D$24,MATCH($B7,Order_Data!$A$5:$A$24,0)) -> White | F7: =INDEX(Order_Data!$E$5:$E$24,MATCH($B7,Order_Data!$A$5:$A$24,0)) -> 500 | G7: =INDEX(Order_Data!$F$5:$F$24,MATCH($B7,Order_Data!$A$5:$A$24,0)) -> 46305 | H7: =INDEX(Order_Data!$G$5:$G$24,MATCH($B7,Order_Data!$A$5:$A$24,0)) -> Standard | I7: =INDEX(Changeover_Matrix!$B$5:$G$10,MATCH(E6,Changeover_Matrix!$A$5:$A$10,0),MATCH(E7,Changeover_Matrix!$B$4:$G$4,0)) -> 15 | J7: =F7/$Q$5 -> 62.5 | K7: =K6+I7+J7 -> 173.75 | L7: =G7-$Q$7+1 -> 5 | M7: =CEILING(K7/$Q$6,1) -> 1 | N7: =IF(M7<=L7,"On Time","Late") -> On Time | P7: Schedule start date | Q7: 46301
A8: 4 | B8: ORD-104 | C8: =INDEX(Order_Data!$B$5:$B$24,MATCH($B8,Order_Data!$A$5:$A$24,0)) -> Trident Packaging | D8: =INDEX(Order_Data!$C$5:$C$24,MATCH($B8,Order_Data!$A$5:$A$24,0)) -> Flexo Ink - Yellow | E8: =INDEX(Order_Data!$D$5:$D$24,MATCH($B8,Order_Data!$A$5:$A$24,0)) -> Light | F8: =INDEX(Order_Data!$E$5:$E$24,MATCH($B8,Order_Data!$A$5:$A$24,0)) -> 250 | G8: =INDEX(Order_Data!$F$5:$F$24,MATCH($B8,Order_Data!$A$5:$A$24,0)) -> 46301 | H8: =INDEX(Order_Data!$G$5:$G$24,MATCH($B8,Order_Data!$A$5:$A$24,0)) -> Standard | I8: =INDEX(Changeover_Matrix!$B$5:$G$10,MATCH(E7,Changeover_Matrix!$A$5:$A$10,0),MATCH(E8,Changeover_Matrix!$B$4:$G$4,0)) -> 30 | J8: =F8/$Q$5 -> 31.25 | K8: =K7+I8+J8 -> 235 | L8: =G8-$Q$7+1 -> 1 | M8: =CEILING(K8/$Q$6,1) -> 1 | N8: =IF(M8<=L8,"On Time","Late") -> On Time
A9: 5 | B9: ORD-109 | C9: =INDEX(Order_Data!$B$5:$B$24,MATCH($B9,Order_Data!$A$5:$A$24,0)) -> NorthStar Converters | D9: =INDEX(Order_Data!$C$5:$C$24,MATCH($B9,Order_Data!$A$5:$A$24,0)) -> Flexo Ink - Orange | E9: =INDEX(Order_Data!$D$5:$D$24,MATCH($B9,Order_Data!$A$5:$A$24,0)) -> Light | F9: =INDEX(Order_Data!$E$5:$E$24,MATCH($B9,Order_Data!$A$5:$A$24,0)) -> 400 | G9: =INDEX(Order_Data!$F$5:$F$24,MATCH($B9,Order_Data!$A$5:$A$24,0)) -> 46301 | H9: =INDEX(Order_Data!$G$5:$G$24,MATCH($B9,Order_Data!$A$5:$A$24,0)) -> Standard | I9: =INDEX(Changeover_Matrix!$B$5:$G$10,MATCH(E8,Changeover_Matrix!$A$5:$A$10,0),MATCH(E9,Changeover_Matrix!$B$4:$G$4,0)) -> 15 | J9: =F9/$Q$5 -> 50 | K9: =K8+I9+J9 -> 300 | L9: =G9-$Q$7+1 -> 1 | M9: =CEILING(K9/$Q$6,1) -> 1 | N9: =IF(M9<=L9,"On Time","Late") -> On Time | P9: Note | Q9: Lowest total changeover of the three — but it can push a Rush order past its due day because colour-similarity was the only objective. Check the OTIF column.
A10: 6 | B10: ORD-117 | C10: =INDEX(Order_Data!$B$5:$B$24,MATCH($B10,Order_Data!$A$5:$A$24,0)) -> Kavya Print Solutions | D10: =INDEX(Order_Data!$C$5:$C$24,MATCH($B10,Order_Data!$A$5:$A$24,0)) -> Flexo Ink - Yellow | E10: =INDEX(Order_Data!$D$5:$D$24,MATCH($B10,Order_Data!$A$5:$A$24,0)) -> Light | F10: =INDEX(Order_Data!$E$5:$E$24,MATCH($B10,Order_Data!$A$5:$A$24,0)) -> 300 | G10: =INDEX(Order_Data!$F$5:$F$24,MATCH($B10,Order_Data!$A$5:$A$24,0)) -> 46305 | H10: =INDEX(Order_Data!$G$5:$G$24,MATCH($B10,Order_Data!$A$5:$A$24,0)) -> Standard | I10: =INDEX(Changeover_Matrix!$B$5:$G$10,MATCH(E9,Changeover_Matrix!$A$5:$A$10,0),MATCH(E10,Changeover_Matrix!$B$4:$G$4,0)) -> 15 | J10: =F10/$Q$5 -> 37.5 | K10: =K9+I10+J10 -> 352.5 | L10: =G10-$Q$7+1 -> 5 | M10: =CEILING(K10/$Q$6,1) -> 1 | N10: =IF(M10<=L10,"On Time","Late") -> On Time
A11: 7 | B11: ORD-101 | C11: =INDEX(Order_Data!$B$5:$B$24,MATCH($B11,Order_Data!$A$5:$A$24,0)) -> Sunrise FlexiPack | D11: =INDEX(Order_Data!$C$5:$C$24,MATCH($B11,Order_Data!$A$5:$A$24,0)) -> Flexo Ink - Cyan | E11: =INDEX(Order_Data!$D$5:$D$24,MATCH($B11,Order_Data!$A$5:$A$24,0)) -> Medium | F11: =INDEX(Order_Data!$E$5:$E$24,MATCH($B11,Order_Data!$A$5:$A$24,0)) -> 450 | G11: =INDEX(Order_Data!$F$5:$F$24,MATCH($B11,Order_Data!$A$5:$A$24,0)) -> 46301 | H11: =INDEX(Order_Data!$G$5:$G$24,MATCH($B11,Order_Data!$A$5:$A$24,0)) -> Standard | I11: =INDEX(Changeover_Matrix!$B$5:$G$10,MATCH(E10,Changeover_Matrix!$A$5:$A$10,0),MATCH(E11,Changeover_Matrix!$B$4:$G$4,0)) -> 30 | J11: =F11/$Q$5 -> 56.25 | K11: =K10+I11+J11 -> 438.75 | L11: =G11-$Q$7+1 -> 1 | M11: =CEILING(K11/$Q$6,1) -> 1 | N11: =IF(M11<=L11,"On Time","Late") -> On Time
A12: 8 | B12: ORD-111 | C12: =INDEX(Order_Data!$B$5:$B$24,MATCH($B12,Order_Data!$A$5:$A$24,0)) -> Kavya Print Solutions | D12: =INDEX(Order_Data!$C$5:$C$24,MATCH($B12,Order_Data!$A$5:$A$24,0)) -> UV Ink - Green | E12: =INDEX(Order_Data!$D$5:$D$24,MATCH($B12,Order_Data!$A$5:$A$24,0)) -> Medium | F12: =INDEX(Order_Data!$E$5:$E$24,MATCH($B12,Order_Data!$A$5:$A$24,0)) -> 300 | G12: =INDEX(Order_Data!$F$5:$F$24,MATCH($B12,Order_Data!$A$5:$A$24,0)) -> 46302 | H12: =INDEX(Order_Data!$G$5:$G$24,MATCH($B12,Order_Data!$A$5:$A$24,0)) -> Rush | I12: =INDEX(Changeover_Matrix!$B$5:$G$10,MATCH(E11,Changeover_Matrix!$A$5:$A$10,0),MATCH(E12,Changeover_Matrix!$B$4:$G$4,0)) -> 15 | J12: =F12/$Q$5 -> 37.5 | K12: =K11+I12+J12 -> 491.25 | L12: =G12-$Q$7+1 -> 2 | M12: =CEILING(K12/$Q$6,1) -> 1 | N12: =IF(M12<=L12,"On Time","Late") -> On Time
A13: 9 | B13: ORD-114 | C13: =INDEX(Order_Data!$B$5:$B$24,MATCH($B13,Order_Data!$A$5:$A$24,0)) -> Apex Labels | D13: =INDEX(Order_Data!$C$5:$C$24,MATCH($B13,Order_Data!$A$5:$A$24,0)) -> Flexo Ink - Cyan | E13: =INDEX(Order_Data!$D$5:$D$24,MATCH($B13,Order_Data!$A$5:$A$24,0)) -> Medium | F13: =INDEX(Order_Data!$E$5:$E$24,MATCH($B13,Order_Data!$A$5:$A$24,0)) -> 400 | G13: =INDEX(Order_Data!$F$5:$F$24,MATCH($B13,Order_Data!$A$5:$A$24,0)) -> 46302 | H13: =INDEX(Order_Data!$G$5:$G$24,MATCH($B13,Order_Data!$A$5:$A$24,0)) -> Standard | I13: =INDEX(Changeover_Matrix!$B$5:$G$10,MATCH(E12,Changeover_Matrix!$A$5:$A$10,0),MATCH(E13,Changeover_Matrix!$B$4:$G$4,0)) -> 15 | J13: =F13/$Q$5 -> 50 | K13: =K12+I13+J13 -> 556.25 | L13: =G13-$Q$7+1 -> 2 | M13: =CEILING(K13/$Q$6,1) -> 1 | N13: =IF(M13<=L13,"On Time","Late") -> On Time
A14: 10 | B14: ORD-105 | C14: =INDEX(Order_Data!$B$5:$B$24,MATCH($B14,Order_Data!$A$5:$A$24,0)) -> Kavya Print Solutions | D14: =INDEX(Order_Data!$C$5:$C$24,MATCH($B14,Order_Data!$A$5:$A$24,0)) -> Gravure Ink - Magenta | E14: =INDEX(Order_Data!$D$5:$D$24,MATCH($B14,Order_Data!$A$5:$A$24,0)) -> Medium | F14: =INDEX(Order_Data!$E$5:$E$24,MATCH($B14,Order_Data!$A$5:$A$24,0)) -> 500 | G14: =INDEX(Order_Data!$F$5:$F$24,MATCH($B14,Order_Data!$A$5:$A$24,0)) -> 46303 | H14: =INDEX(Order_Data!$G$5:$G$24,MATCH($B14,Order_Data!$A$5:$A$24,0)) -> Standard | I14: =INDEX(Changeover_Matrix!$B$5:$G$10,MATCH(E13,Changeover_Matrix!$A$5:$A$10,0),MATCH(E14,Changeover_Matrix!$B$4:$G$4,0)) -> 15 | J14: =F14/$Q$5 -> 62.5 | K14: =K13+I14+J14 -> 633.75 | L14: =G14-$Q$7+1 -> 3 | M14: =CEILING(K14/$Q$6,1) -> 1 | N14: =IF(M14<=L14,"On Time","Late") -> On Time
A15: 11 | B15: ORD-120 | C15: =INDEX(Order_Data!$B$5:$B$24,MATCH($B15,Order_Data!$A$5:$A$24,0)) -> Apex Labels | D15: =INDEX(Order_Data!$C$5:$C$24,MATCH($B15,Order_Data!$A$5:$A$24,0)) -> Flexo Ink - Magenta | E15: =INDEX(Order_Data!$D$5:$D$24,MATCH($B15,Order_Data!$A$5:$A$24,0)) -> Medium | F15: =INDEX(Order_Data!$E$5:$E$24,MATCH($B15,Order_Data!$A$5:$A$24,0)) -> 450 | G15: =INDEX(Order_Data!$F$5:$F$24,MATCH($B15,Order_Data!$A$5:$A$24,0)) -> 46305 | H15: =INDEX(Order_Data!$G$5:$G$24,MATCH($B15,Order_Data!$A$5:$A$24,0)) -> Standard | I15: =INDEX(Changeover_Matrix!$B$5:$G$10,MATCH(E14,Changeover_Matrix!$A$5:$A$10,0),MATCH(E15,Changeover_Matrix!$B$4:$G$4,0)) -> 15 | J15: =F15/$Q$5 -> 56.25 | K15: =K14+I15+J15 -> 705 | L15: =G15-$Q$7+1 -> 5 | M15: =CEILING(K15/$Q$6,1) -> 1 | N15: =IF(M15<=L15,"On Time","Late") -> On Time
A16: 12 | B16: ORD-107 | C16: =INDEX(Order_Data!$B$5:$B$24,MATCH($B16,Order_Data!$A$5:$A$24,0)) -> Sunrise FlexiPack | D16: =INDEX(Order_Data!$C$5:$C$24,MATCH($B16,Order_Data!$A$5:$A$24,0)) -> Flexo Ink - Deep Blue | E16: =INDEX(Order_Data!$D$5:$D$24,MATCH($B16,Order_Data!$A$5:$A$24,0)) -> Dark | F16: =INDEX(Order_Data!$E$5:$E$24,MATCH($B16,Order_Data!$A$5:$A$24,0)) -> 700 | G16: =INDEX(Order_Data!$F$5:$F$24,MATCH($B16,Order_Data!$A$5:$A$24,0)) -> 46302 | H16: =INDEX(Order_Data!$G$5:$G$24,MATCH($B16,Order_Data!$A$5:$A$24,0)) -> Standard | I16: =INDEX(Changeover_Matrix!$B$5:$G$10,MATCH(E15,Changeover_Matrix!$A$5:$A$10,0),MATCH(E16,Changeover_Matrix!$B$4:$G$4,0)) -> 30 | J16: =F16/$Q$5 -> 87.5 | K16: =K15+I16+J16 -> 822.5 | L16: =G16-$Q$7+1 -> 2 | M16: =CEILING(K16/$Q$6,1) -> 1 | N16: =IF(M16<=L16,"On Time","Late") -> On Time
A17: 13 | B17: ORD-112 | C17: =INDEX(Order_Data!$B$5:$B$24,MATCH($B17,Order_Data!$A$5:$A$24,0)) -> Om Flexibles | D17: =INDEX(Order_Data!$C$5:$C$24,MATCH($B17,Order_Data!$A$5:$A$24,0)) -> Flexo Ink - Maroon | E17: =INDEX(Order_Data!$D$5:$D$24,MATCH($B17,Order_Data!$A$5:$A$24,0)) -> Dark | F17: =INDEX(Order_Data!$E$5:$E$24,MATCH($B17,Order_Data!$A$5:$A$24,0)) -> 450 | G17: =INDEX(Order_Data!$F$5:$F$24,MATCH($B17,Order_Data!$A$5:$A$24,0)) -> 46303 | H17: =INDEX(Order_Data!$G$5:$G$24,MATCH($B17,Order_Data!$A$5:$A$24,0)) -> Standard | I17: =INDEX(Changeover_Matrix!$B$5:$G$10,MATCH(E16,Changeover_Matrix!$A$5:$A$10,0),MATCH(E17,Changeover_Matrix!$B$4:$G$4,0)) -> 15 | J17: =F17/$Q$5 -> 56.25 | K17: =K16+I17+J17 -> 893.75 | L17: =G17-$Q$7+1 -> 3 | M17: =CEILING(K17/$Q$6,1) -> 1 | N17: =IF(M17<=L17,"On Time","Late") -> On Time
A18: 14 | B18: ORD-118 | C18: =INDEX(Order_Data!$B$5:$B$24,MATCH($B18,Order_Data!$A$5:$A$24,0)) -> Om Flexibles | D18: =INDEX(Order_Data!$C$5:$C$24,MATCH($B18,Order_Data!$A$5:$A$24,0)) -> Solvent Ink - Deep Blue | E18: =INDEX(Order_Data!$D$5:$D$24,MATCH($B18,Order_Data!$A$5:$A$24,0)) -> Dark | F18: =INDEX(Order_Data!$E$5:$E$24,MATCH($B18,Order_Data!$A$5:$A$24,0)) -> 500 | G18: =INDEX(Order_Data!$F$5:$F$24,MATCH($B18,Order_Data!$A$5:$A$24,0)) -> 46304 | H18: =INDEX(Order_Data!$G$5:$G$24,MATCH($B18,Order_Data!$A$5:$A$24,0)) -> Standard | I18: =INDEX(Changeover_Matrix!$B$5:$G$10,MATCH(E17,Changeover_Matrix!$A$5:$A$10,0),MATCH(E18,Changeover_Matrix!$B$4:$G$4,0)) -> 15 | J18: =F18/$Q$5 -> 62.5 | K18: =K17+I18+J18 -> 971.25 | L18: =G18-$Q$7+1 -> 4 | M18: =CEILING(K18/$Q$6,1) -> 2 | N18: =IF(M18<=L18,"On Time","Late") -> On Time
A19: 15 | B19: ORD-116 | C19: =INDEX(Order_Data!$B$5:$B$24,MATCH($B19,Order_Data!$A$5:$A$24,0)) -> Trident Packaging | D19: =INDEX(Order_Data!$C$5:$C$24,MATCH($B19,Order_Data!$A$5:$A$24,0)) -> UV Ink - Black | E19: =INDEX(Order_Data!$D$5:$D$24,MATCH($B19,Order_Data!$A$5:$A$24,0)) -> Black | F19: =INDEX(Order_Data!$E$5:$E$24,MATCH($B19,Order_Data!$A$5:$A$24,0)) -> 650 | G19: =INDEX(Order_Data!$F$5:$F$24,MATCH($B19,Order_Data!$A$5:$A$24,0)) -> 46301 | H19: =INDEX(Order_Data!$G$5:$G$24,MATCH($B19,Order_Data!$A$5:$A$24,0)) -> Rush | I19: =INDEX(Changeover_Matrix!$B$5:$G$10,MATCH(E18,Changeover_Matrix!$A$5:$A$10,0),MATCH(E19,Changeover_Matrix!$B$4:$G$4,0)) -> 30 | J19: =F19/$Q$5 -> 81.25 | K19: =K18+I19+J19 -> 1082.5 | L19: =G19-$Q$7+1 -> 1 | M19: =CEILING(K19/$Q$6,1) -> 2 | N19: =IF(M19<=L19,"On Time","Late") -> Late
A20: 16 | B20: ORD-103 | C20: =INDEX(Order_Data!$B$5:$B$24,MATCH($B20,Order_Data!$A$5:$A$24,0)) -> NorthStar Converters | D20: =INDEX(Order_Data!$C$5:$C$24,MATCH($B20,Order_Data!$A$5:$A$24,0)) -> Solvent Ink - Black | E20: =INDEX(Order_Data!$D$5:$D$24,MATCH($B20,Order_Data!$A$5:$A$24,0)) -> Black | F20: =INDEX(Order_Data!$E$5:$E$24,MATCH($B20,Order_Data!$A$5:$A$24,0)) -> 600 | G20: =INDEX(Order_Data!$F$5:$F$24,MATCH($B20,Order_Data!$A$5:$A$24,0)) -> 46302 | H20: =INDEX(Order_Data!$G$5:$G$24,MATCH($B20,Order_Data!$A$5:$A$24,0)) -> Standard | I20: =INDEX(Changeover_Matrix!$B$5:$G$10,MATCH(E19,Changeover_Matrix!$A$5:$A$10,0),MATCH(E20,Changeover_Matrix!$B$4:$G$4,0)) -> 15 | J20: =F20/$Q$5 -> 75 | K20: =K19+I20+J20 -> 1172.5 | L20: =G20-$Q$7+1 -> 2 | M20: =CEILING(K20/$Q$6,1) -> 2 | N20: =IF(M20<=L20,"On Time","Late") -> On Time
A21: 17 | B21: ORD-110 | C21: =INDEX(Order_Data!$B$5:$B$24,MATCH($B21,Order_Data!$A$5:$A$24,0)) -> Trident Packaging | D21: =INDEX(Order_Data!$C$5:$C$24,MATCH($B21,Order_Data!$A$5:$A$24,0)) -> Gravure Ink - Black | E21: =INDEX(Order_Data!$D$5:$D$24,MATCH($B21,Order_Data!$A$5:$A$24,0)) -> Black | F21: =INDEX(Order_Data!$E$5:$E$24,MATCH($B21,Order_Data!$A$5:$A$24,0)) -> 550 | G21: =INDEX(Order_Data!$F$5:$F$24,MATCH($B21,Order_Data!$A$5:$A$24,0)) -> 46304 | H21: =INDEX(Order_Data!$G$5:$G$24,MATCH($B21,Order_Data!$A$5:$A$24,0)) -> Standard | I21: =INDEX(Changeover_Matrix!$B$5:$G$10,MATCH(E20,Changeover_Matrix!$A$5:$A$10,0),MATCH(E21,Changeover_Matrix!$B$4:$G$4,0)) -> 15 | J21: =F21/$Q$5 -> 68.75 | K21: =K20+I21+J21 -> 1256.25 | L21: =G21-$Q$7+1 -> 4 | M21: =CEILING(K21/$Q$6,1) -> 2 | N21: =IF(M21<=L21,"On Time","Late") -> On Time
... A24: 20 | B24: ORD-113 | C24: =INDEX(Order_Data!$B$5:$B$24,MATCH($B24,Order_Data!$A$5:$A$24,0)) -> Sunrise FlexiPack | D24: =INDEX(Order_Data!$C$5:$C$24,MATCH($B24,Order_Data!$A$5:$A$24,0)) -> Solvent Ink - Gold | E24: =INDEX(Order_Data!$D$5:$D$24,MATCH($B24,Order_Data!$A$5:$A$24,0)) -> Metallic | F24: =INDEX(Order_Data!$E$5:$E$24,MATCH($B24,Order_Data!$A$5:$A$24,0)) -> 250 | G24: =INDEX(Order_Data!$F$5:$F$24,MATCH($B24,Order_Data!$A$5:$A$24,0)) -> 46304 | H24: =INDEX(Order_Data!$G$5:$G$24,MATCH($B24,Order_Data!$A$5:$A$24,0)) -> Standard | I24: =INDEX(Changeover_Matrix!$B$5:$G$10,MATCH(E23,Changeover_Matrix!$A$5:$A$10,0),MATCH(E24,Changeover_Matrix!$B$4:$G$4,0)) -> 15 | J24: =F24/$Q$5 -> 31.25 | K24: =K23+I24+J24 -> 1440 | L24: =G24-$Q$7+1 -> 4 | M24: =CEILING(K24/$Q$6,1) -> 2 | N24: =IF(M24<=L24,"On Time","Late") -> On Time

Sheet Agent_Schedule
A1: Agent_Schedule (constraint-aware)
A2: Colour-clustering logic + a hard rule: Rush orders are never sequenced past their due day
A4: Seq | B4: OrderID | C4: Customer | D4: Product | E4: Colour Family | F4: Qty (kg) | G4: Due Date | H4: Priority | I4: Change- over (min) | J4: Process Time (min) | K4: Cumulative (min) | L4: Due Day# | M4: Sched. Day# | N4: OTIF | P4: Assumptions
A5: 1 | B5: ORD-102 | C5: =INDEX(Order_Data!$B$5:$B$24,MATCH($B5,Order_Data!$A$5:$A$24,0)) -> Apex Labels | D5: =INDEX(Order_Data!$C$5:$C$24,MATCH($B5,Order_Data!$A$5:$A$24,0)) -> UV Ink - White | E5: =INDEX(Order_Data!$D$5:$D$24,MATCH($B5,Order_Data!$A$5:$A$24,0)) -> White | F5: =INDEX(Order_Data!$E$5:$E$24,MATCH($B5,Order_Data!$A$5:$A$24,0)) -> 300 | G5: =INDEX(Order_Data!$F$5:$F$24,MATCH($B5,Order_Data!$A$5:$A$24,0)) -> 46301 | H5: =INDEX(Order_Data!$G$5:$G$24,MATCH($B5,Order_Data!$A$5:$A$24,0)) -> Rush | I5: 0 | J5: =F5/$Q$5 -> 37.5 | K5: =I5+J5 -> 37.5 | L5: =G5-$Q$7+1 -> 1 | M5: =CEILING(K5/$Q$6,1) -> 1 | N5: =IF(M5<=L5,"On Time","Late") -> On Time | P5: Mixing rate (kg/min) | Q5: 8
A6: 2 | B6: ORD-111 | C6: =INDEX(Order_Data!$B$5:$B$24,MATCH($B6,Order_Data!$A$5:$A$24,0)) -> Kavya Print Solutions | D6: =INDEX(Order_Data!$C$5:$C$24,MATCH($B6,Order_Data!$A$5:$A$24,0)) -> UV Ink - Green | E6: =INDEX(Order_Data!$D$5:$D$24,MATCH($B6,Order_Data!$A$5:$A$24,0)) -> Medium | F6: =INDEX(Order_Data!$E$5:$E$24,MATCH($B6,Order_Data!$A$5:$A$24,0)) -> 300 | G6: =INDEX(Order_Data!$F$5:$F$24,MATCH($B6,Order_Data!$A$5:$A$24,0)) -> 46302 | H6: =INDEX(Order_Data!$G$5:$G$24,MATCH($B6,Order_Data!$A$5:$A$24,0)) -> Rush | I6: =INDEX(Changeover_Matrix!$B$5:$G$10,MATCH(E5,Changeover_Matrix!$A$5:$A$10,0),MATCH(E6,Changeover_Matrix!$B$4:$G$4,0)) -> 45 | J6: =F6/$Q$5 -> 37.5 | K6: =K5+I6+J6 -> 120 | L6: =G6-$Q$7+1 -> 2 | M6: =CEILING(K6/$Q$6,1) -> 1 | N6: =IF(M6<=L6,"On Time","Late") -> On Time | P6: Shift capacity (min/day) | Q6: 960
A7: 3 | B7: ORD-116 | C7: =INDEX(Order_Data!$B$5:$B$24,MATCH($B7,Order_Data!$A$5:$A$24,0)) -> Trident Packaging | D7: =INDEX(Order_Data!$C$5:$C$24,MATCH($B7,Order_Data!$A$5:$A$24,0)) -> UV Ink - Black | E7: =INDEX(Order_Data!$D$5:$D$24,MATCH($B7,Order_Data!$A$5:$A$24,0)) -> Black | F7: =INDEX(Order_Data!$E$5:$E$24,MATCH($B7,Order_Data!$A$5:$A$24,0)) -> 650 | G7: =INDEX(Order_Data!$F$5:$F$24,MATCH($B7,Order_Data!$A$5:$A$24,0)) -> 46301 | H7: =INDEX(Order_Data!$G$5:$G$24,MATCH($B7,Order_Data!$A$5:$A$24,0)) -> Rush | I7: =INDEX(Changeover_Matrix!$B$5:$G$10,MATCH(E6,Changeover_Matrix!$A$5:$A$10,0),MATCH(E7,Changeover_Matrix!$B$4:$G$4,0)) -> 45 | J7: =F7/$Q$5 -> 81.25 | K7: =K6+I7+J7 -> 246.25 | L7: =G7-$Q$7+1 -> 1 | M7: =CEILING(K7/$Q$6,1) -> 1 | N7: =IF(M7<=L7,"On Time","Late") -> On Time | P7: Schedule start date | Q7: 46301
A8: 4 | B8: ORD-106 | C8: =INDEX(Order_Data!$B$5:$B$24,MATCH($B8,Order_Data!$A$5:$A$24,0)) -> Om Flexibles | D8: =INDEX(Order_Data!$C$5:$C$24,MATCH($B8,Order_Data!$A$5:$A$24,0)) -> UV Ink - Silver | E8: =INDEX(Order_Data!$D$5:$D$24,MATCH($B8,Order_Data!$A$5:$A$24,0)) -> Metallic | F8: =INDEX(Order_Data!$E$5:$E$24,MATCH($B8,Order_Data!$A$5:$A$24,0)) -> 200 | G8: =INDEX(Order_Data!$F$5:$F$24,MATCH($B8,Order_Data!$A$5:$A$24,0)) -> 46302 | H8: =INDEX(Order_Data!$G$5:$G$24,MATCH($B8,Order_Data!$A$5:$A$24,0)) -> Rush | I8: =INDEX(Changeover_Matrix!$B$5:$G$10,MATCH(E7,Changeover_Matrix!$A$5:$A$10,0),MATCH(E8,Changeover_Matrix!$B$4:$G$4,0)) -> 60 | J8: =F8/$Q$5 -> 25 | K8: =K7+I8+J8 -> 331.25 | L8: =G8-$Q$7+1 -> 2 | M8: =CEILING(K8/$Q$6,1) -> 1 | N8: =IF(M8<=L8,"On Time","Late") -> On Time
A9: 5 | B9: ORD-108 | C9: =INDEX(Order_Data!$B$5:$B$24,MATCH($B9,Order_Data!$A$5:$A$24,0)) -> Apex Labels | D9: =INDEX(Order_Data!$C$5:$C$24,MATCH($B9,Order_Data!$A$5:$A$24,0)) -> Solvent Ink - White | E9: =INDEX(Order_Data!$D$5:$D$24,MATCH($B9,Order_Data!$A$5:$A$24,0)) -> White | F9: =INDEX(Order_Data!$E$5:$E$24,MATCH($B9,Order_Data!$A$5:$A$24,0)) -> 350 | G9: =INDEX(Order_Data!$F$5:$F$24,MATCH($B9,Order_Data!$A$5:$A$24,0)) -> 46303 | H9: =INDEX(Order_Data!$G$5:$G$24,MATCH($B9,Order_Data!$A$5:$A$24,0)) -> Standard | I9: =INDEX(Changeover_Matrix!$B$5:$G$10,MATCH(E8,Changeover_Matrix!$A$5:$A$10,0),MATCH(E9,Changeover_Matrix!$B$4:$G$4,0)) -> 90 | J9: =F9/$Q$5 -> 43.75 | K9: =K8+I9+J9 -> 465 | L9: =G9-$Q$7+1 -> 3 | M9: =CEILING(K9/$Q$6,1) -> 1 | N9: =IF(M9<=L9,"On Time","Late") -> On Time | P9: Note | Q9: This is what an AI agent adds over a plain optimiser: it holds the changeover-minimising logic AND enforces the business rule (Rush SLA) as a constraint, re-sequencing around it instead of ignoring it.
A10: 6 | B10: ORD-115 | C10: =INDEX(Order_Data!$B$5:$B$24,MATCH($B10,Order_Data!$A$5:$A$24,0)) -> NorthStar Converters | D10: =INDEX(Order_Data!$C$5:$C$24,MATCH($B10,Order_Data!$A$5:$A$24,0)) -> Gravure Ink - White | E10: =INDEX(Order_Data!$D$5:$D$24,MATCH($B10,Order_Data!$A$5:$A$24,0)) -> White | F10: =INDEX(Order_Data!$E$5:$E$24,MATCH($B10,Order_Data!$A$5:$A$24,0)) -> 500 | G10: =INDEX(Order_Data!$F$5:$F$24,MATCH($B10,Order_Data!$A$5:$A$24,0)) -> 46305 | H10: =INDEX(Order_Data!$G$5:$G$24,MATCH($B10,Order_Data!$A$5:$A$24,0)) -> Standard | I10: =INDEX(Changeover_Matrix!$B$5:$G$10,MATCH(E9,Changeover_Matrix!$A$5:$A$10,0),MATCH(E10,Changeover_Matrix!$B$4:$G$4,0)) -> 15 | J10: =F10/$Q$5 -> 62.5 | K10: =K9+I10+J10 -> 542.5 | L10: =G10-$Q$7+1 -> 5 | M10: =CEILING(K10/$Q$6,1) -> 1 | N10: =IF(M10<=L10,"On Time","Late") -> On Time
A11: 7 | B11: ORD-104 | C11: =INDEX(Order_Data!$B$5:$B$24,MATCH($B11,Order_Data!$A$5:$A$24,0)) -> Trident Packaging | D11: =INDEX(Order_Data!$C$5:$C$24,MATCH($B11,Order_Data!$A$5:$A$24,0)) -> Flexo Ink - Yellow | E11: =INDEX(Order_Data!$D$5:$D$24,MATCH($B11,Order_Data!$A$5:$A$24,0)) -> Light | F11: =INDEX(Order_Data!$E$5:$E$24,MATCH($B11,Order_Data!$A$5:$A$24,0)) -> 250 | G11: =INDEX(Order_Data!$F$5:$F$24,MATCH($B11,Order_Data!$A$5:$A$24,0)) -> 46301 | H11: =INDEX(Order_Data!$G$5:$G$24,MATCH($B11,Order_Data!$A$5:$A$24,0)) -> Standard | I11: =INDEX(Changeover_Matrix!$B$5:$G$10,MATCH(E10,Changeover_Matrix!$A$5:$A$10,0),MATCH(E11,Changeover_Matrix!$B$4:$G$4,0)) -> 30 | J11: =F11/$Q$5 -> 31.25 | K11: =K10+I11+J11 -> 603.75 | L11: =G11-$Q$7+1 -> 1 | M11: =CEILING(K11/$Q$6,1) -> 1 | N11: =IF(M11<=L11,"On Time","Late") -> On Time
A12: 8 | B12: ORD-109 | C12: =INDEX(Order_Data!$B$5:$B$24,MATCH($B12,Order_Data!$A$5:$A$24,0)) -> NorthStar Converters | D12: =INDEX(Order_Data!$C$5:$C$24,MATCH($B12,Order_Data!$A$5:$A$24,0)) -> Flexo Ink - Orange | E12: =INDEX(Order_Data!$D$5:$D$24,MATCH($B12,Order_Data!$A$5:$A$24,0)) -> Light | F12: =INDEX(Order_Data!$E$5:$E$24,MATCH($B12,Order_Data!$A$5:$A$24,0)) -> 400 | G12: =INDEX(Order_Data!$F$5:$F$24,MATCH($B12,Order_Data!$A$5:$A$24,0)) -> 46301 | H12: =INDEX(Order_Data!$G$5:$G$24,MATCH($B12,Order_Data!$A$5:$A$24,0)) -> Standard | I12: =INDEX(Changeover_Matrix!$B$5:$G$10,MATCH(E11,Changeover_Matrix!$A$5:$A$10,0),MATCH(E12,Changeover_Matrix!$B$4:$G$4,0)) -> 15 | J12: =F12/$Q$5 -> 50 | K12: =K11+I12+J12 -> 668.75 | L12: =G12-$Q$7+1 -> 1 | M12: =CEILING(K12/$Q$6,1) -> 1 | N12: =IF(M12<=L12,"On Time","Late") -> On Time
A13: 9 | B13: ORD-117 | C13: =INDEX(Order_Data!$B$5:$B$24,MATCH($B13,Order_Data!$A$5:$A$24,0)) -> Kavya Print Solutions | D13: =INDEX(Order_Data!$C$5:$C$24,MATCH($B13,Order_Data!$A$5:$A$24,0)) -> Flexo Ink - Yellow | E13: =INDEX(Order_Data!$D$5:$D$24,MATCH($B13,Order_Data!$A$5:$A$24,0)) -> Light | F13: =INDEX(Order_Data!$E$5:$E$24,MATCH($B13,Order_Data!$A$5:$A$24,0)) -> 300 | G13: =INDEX(Order_Data!$F$5:$F$24,MATCH($B13,Order_Data!$A$5:$A$24,0)) -> 46305 | H13: =INDEX(Order_Data!$G$5:$G$24,MATCH($B13,Order_Data!$A$5:$A$24,0)) -> Standard | I13: =INDEX(Changeover_Matrix!$B$5:$G$10,MATCH(E12,Changeover_Matrix!$A$5:$A$10,0),MATCH(E13,Changeover_Matrix!$B$4:$G$4,0)) -> 15 | J13: =F13/$Q$5 -> 37.5 | K13: =K12+I13+J13 -> 721.25 | L13: =G13-$Q$7+1 -> 5 | M13: =CEILING(K13/$Q$6,1) -> 1 | N13: =IF(M13<=L13,"On Time","Late") -> On Time
A14: 10 | B14: ORD-101 | C14: =INDEX(Order_Data!$B$5:$B$24,MATCH($B14,Order_Data!$A$5:$A$24,0)) -> Sunrise FlexiPack | D14: =INDEX(Order_Data!$C$5:$C$24,MATCH($B14,Order_Data!$A$5:$A$24,0)) -> Flexo Ink - Cyan | E14: =INDEX(Order_Data!$D$5:$D$24,MATCH($B14,Order_Data!$A$5:$A$24,0)) -> Medium | F14: =INDEX(Order_Data!$E$5:$E$24,MATCH($B14,Order_Data!$A$5:$A$24,0)) -> 450 | G14: =INDEX(Order_Data!$F$5:$F$24,MATCH($B14,Order_Data!$A$5:$A$24,0)) -> 46301 | H14: =INDEX(Order_Data!$G$5:$G$24,MATCH($B14,Order_Data!$A$5:$A$24,0)) -> Standard | I14: =INDEX(Changeover_Matrix!$B$5:$G$10,MATCH(E13,Changeover_Matrix!$A$5:$A$10,0),MATCH(E14,Changeover_Matrix!$B$4:$G$4,0)) -> 30 | J14: =F14/$Q$5 -> 56.25 | K14: =K13+I14+J14 -> 807.5 | L14: =G14-$Q$7+1 -> 1 | M14: =CEILING(K14/$Q$6,1) -> 1 | N14: =IF(M14<=L14,"On Time","Late") -> On Time
A15: 11 | B15: ORD-114 | C15: =INDEX(Order_Data!$B$5:$B$24,MATCH($B15,Order_Data!$A$5:$A$24,0)) -> Apex Labels | D15: =INDEX(Order_Data!$C$5:$C$24,MATCH($B15,Order_Data!$A$5:$A$24,0)) -> Flexo Ink - Cyan | E15: =INDEX(Order_Data!$D$5:$D$24,MATCH($B15,Order_Data!$A$5:$A$24,0)) -> Medium | F15: =INDEX(Order_Data!$E$5:$E$24,MATCH($B15,Order_Data!$A$5:$A$24,0)) -> 400 | G15: =INDEX(Order_Data!$F$5:$F$24,MATCH($B15,Order_Data!$A$5:$A$24,0)) -> 46302 | H15: =INDEX(Order_Data!$G$5:$G$24,MATCH($B15,Order_Data!$A$5:$A$24,0)) -> Standard | I15: =INDEX(Changeover_Matrix!$B$5:$G$10,MATCH(E14,Changeover_Matrix!$A$5:$A$10,0),MATCH(E15,Changeover_Matrix!$B$4:$G$4,0)) -> 15 | J15: =F15/$Q$5 -> 50 | K15: =K14+I15+J15 -> 872.5 | L15: =G15-$Q$7+1 -> 2 | M15: =CEILING(K15/$Q$6,1) -> 1 | N15: =IF(M15<=L15,"On Time","Late") -> On Time
A16: 12 | B16: ORD-105 | C16: =INDEX(Order_Data!$B$5:$B$24,MATCH($B16,Order_Data!$A$5:$A$24,0)) -> Kavya Print Solutions | D16: =INDEX(Order_Data!$C$5:$C$24,MATCH($B16,Order_Data!$A$5:$A$24,0)) -> Gravure Ink - Magenta | E16: =INDEX(Order_Data!$D$5:$D$24,MATCH($B16,Order_Data!$A$5:$A$24,0)) -> Medium | F16: =INDEX(Order_Data!$E$5:$E$24,MATCH($B16,Order_Data!$A$5:$A$24,0)) -> 500 | G16: =INDEX(Order_Data!$F$5:$F$24,MATCH($B16,Order_Data!$A$5:$A$24,0)) -> 46303 | H16: =INDEX(Order_Data!$G$5:$G$24,MATCH($B16,Order_Data!$A$5:$A$24,0)) -> Standard | I16: =INDEX(Changeover_Matrix!$B$5:$G$10,MATCH(E15,Changeover_Matrix!$A$5:$A$10,0),MATCH(E16,Changeover_Matrix!$B$4:$G$4,0)) -> 15 | J16: =F16/$Q$5 -> 62.5 | K16: =K15+I16+J16 -> 950 | L16: =G16-$Q$7+1 -> 3 | M16: =CEILING(K16/$Q$6,1) -> 1 | N16: =IF(M16<=L16,"On Time","Late") -> On Time
A17: 13 | B17: ORD-120 | C17: =INDEX(Order_Data!$B$5:$B$24,MATCH($B17,Order_Data!$A$5:$A$24,0)) -> Apex Labels | D17: =INDEX(Order_Data!$C$5:$C$24,MATCH($B17,Order_Data!$A$5:$A$24,0)) -> Flexo Ink - Magenta | E17: =INDEX(Order_Data!$D$5:$D$24,MATCH($B17,Order_Data!$A$5:$A$24,0)) -> Medium | F17: =INDEX(Order_Data!$E$5:$E$24,MATCH($B17,Order_Data!$A$5:$A$24,0)) -> 450 | G17: =INDEX(Order_Data!$F$5:$F$24,MATCH($B17,Order_Data!$A$5:$A$24,0)) -> 46305 | H17: =INDEX(Order_Data!$G$5:$G$24,MATCH($B17,Order_Data!$A$5:$A$24,0)) -> Standard | I17: =INDEX(Changeover_Matrix!$B$5:$G$10,MATCH(E16,Changeover_Matrix!$A$5:$A$10,0),MATCH(E17,Changeover_Matrix!$B$4:$G$4,0)) -> 15 | J17: =F17/$Q$5 -> 56.25 | K17: =K16+I17+J17 -> 1021.25 | L17: =G17-$Q$7+1 -> 5 | M17: =CEILING(K17/$Q$6,1) -> 2 | N17: =IF(M17<=L17,"On Time","Late") -> On Time
A18: 14 | B18: ORD-107 | C18: =INDEX(Order_Data!$B$5:$B$24,MATCH($B18,Order_Data!$A$5:$A$24,0)) -> Sunrise FlexiPack | D18: =INDEX(Order_Data!$C$5:$C$24,MATCH($B18,Order_Data!$A$5:$A$24,0)) -> Flexo Ink - Deep Blue | E18: =INDEX(Order_Data!$D$5:$D$24,MATCH($B18,Order_Data!$A$5:$A$24,0)) -> Dark | F18: =INDEX(Order_Data!$E$5:$E$24,MATCH($B18,Order_Data!$A$5:$A$24,0)) -> 700 | G18: =INDEX(Order_Data!$F$5:$F$24,MATCH($B18,Order_Data!$A$5:$A$24,0)) -> 46302 | H18: =INDEX(Order_Data!$G$5:$G$24,MATCH($B18,Order_Data!$A$5:$A$24,0)) -> Standard | I18: =INDEX(Changeover_Matrix!$B$5:$G$10,MATCH(E17,Changeover_Matrix!$A$5:$A$10,0),MATCH(E18,Changeover_Matrix!$B$4:$G$4,0)) -> 30 | J18: =F18/$Q$5 -> 87.5 | K18: =K17+I18+J18 -> 1138.75 | L18: =G18-$Q$7+1 -> 2 | M18: =CEILING(K18/$Q$6,1) -> 2 | N18: =IF(M18<=L18,"On Time","Late") -> On Time
A19: 15 | B19: ORD-112 | C19: =INDEX(Order_Data!$B$5:$B$24,MATCH($B19,Order_Data!$A$5:$A$24,0)) -> Om Flexibles | D19: =INDEX(Order_Data!$C$5:$C$24,MATCH($B19,Order_Data!$A$5:$A$24,0)) -> Flexo Ink - Maroon | E19: =INDEX(Order_Data!$D$5:$D$24,MATCH($B19,Order_Data!$A$5:$A$24,0)) -> Dark | F19: =INDEX(Order_Data!$E$5:$E$24,MATCH($B19,Order_Data!$A$5:$A$24,0)) -> 450 | G19: =INDEX(Order_Data!$F$5:$F$24,MATCH($B19,Order_Data!$A$5:$A$24,0)) -> 46303 | H19: =INDEX(Order_Data!$G$5:$G$24,MATCH($B19,Order_Data!$A$5:$A$24,0)) -> Standard | I19: =INDEX(Changeover_Matrix!$B$5:$G$10,MATCH(E18,Changeover_Matrix!$A$5:$A$10,0),MATCH(E19,Changeover_Matrix!$B$4:$G$4,0)) -> 15 | J19: =F19/$Q$5 -> 56.25 | K19: =K18+I19+J19 -> 1210 | L19: =G19-$Q$7+1 -> 3 | M19: =CEILING(K19/$Q$6,1) -> 2 | N19: =IF(M19<=L19,"On Time","Late") -> On Time
A20: 16 | B20: ORD-118 | C20: =INDEX(Order_Data!$B$5:$B$24,MATCH($B20,Order_Data!$A$5:$A$24,0)) -> Om Flexibles | D20: =INDEX(Order_Data!$C$5:$C$24,MATCH($B20,Order_Data!$A$5:$A$24,0)) -> Solvent Ink - Deep Blue | E20: =INDEX(Order_Data!$D$5:$D$24,MATCH($B20,Order_Data!$A$5:$A$24,0)) -> Dark | F20: =INDEX(Order_Data!$E$5:$E$24,MATCH($B20,Order_Data!$A$5:$A$24,0)) -> 500 | G20: =INDEX(Order_Data!$F$5:$F$24,MATCH($B20,Order_Data!$A$5:$A$24,0)) -> 46304 | H20: =INDEX(Order_Data!$G$5:$G$24,MATCH($B20,Order_Data!$A$5:$A$24,0)) -> Standard | I20: =INDEX(Changeover_Matrix!$B$5:$G$10,MATCH(E19,Changeover_Matrix!$A$5:$A$10,0),MATCH(E20,Changeover_Matrix!$B$4:$G$4,0)) -> 15 | J20: =F20/$Q$5 -> 62.5 | K20: =K19+I20+J20 -> 1287.5 | L20: =G20-$Q$7+1 -> 4 | M20: =CEILING(K20/$Q$6,1) -> 2 | N20: =IF(M20<=L20,"On Time","Late") -> On Time
A21: 17 | B21: ORD-103 | C21: =INDEX(Order_Data!$B$5:$B$24,MATCH($B21,Order_Data!$A$5:$A$24,0)) -> NorthStar Converters | D21: =INDEX(Order_Data!$C$5:$C$24,MATCH($B21,Order_Data!$A$5:$A$24,0)) -> Solvent Ink - Black | E21: =INDEX(Order_Data!$D$5:$D$24,MATCH($B21,Order_Data!$A$5:$A$24,0)) -> Black | F21: =INDEX(Order_Data!$E$5:$E$24,MATCH($B21,Order_Data!$A$5:$A$24,0)) -> 600 | G21: =INDEX(Order_Data!$F$5:$F$24,MATCH($B21,Order_Data!$A$5:$A$24,0)) -> 46302 | H21: =INDEX(Order_Data!$G$5:$G$24,MATCH($B21,Order_Data!$A$5:$A$24,0)) -> Standard | I21: =INDEX(Changeover_Matrix!$B$5:$G$10,MATCH(E20,Changeover_Matrix!$A$5:$A$10,0),MATCH(E21,Changeover_Matrix!$B$4:$G$4,0)) -> 30 | J21: =F21/$Q$5 -> 75 | K21: =K20+I21+J21 -> 1392.5 | L21: =G21-$Q$7+1 -> 2 | M21: =CEILING(K21/$Q$6,1) -> 2 | N21: =IF(M21<=L21,"On Time","Late") -> On Time
... A24: 20 | B24: ORD-113 | C24: =INDEX(Order_Data!$B$5:$B$24,MATCH($B24,Order_Data!$A$5:$A$24,0)) -> Sunrise FlexiPack | D24: =INDEX(Order_Data!$C$5:$C$24,MATCH($B24,Order_Data!$A$5:$A$24,0)) -> Solvent Ink - Gold | E24: =INDEX(Order_Data!$D$5:$D$24,MATCH($B24,Order_Data!$A$5:$A$24,0)) -> Metallic | F24: =INDEX(Order_Data!$E$5:$E$24,MATCH($B24,Order_Data!$A$5:$A$24,0)) -> 250 | G24: =INDEX(Order_Data!$F$5:$F$24,MATCH($B24,Order_Data!$A$5:$A$24,0)) -> 46304 | H24: =INDEX(Order_Data!$G$5:$G$24,MATCH($B24,Order_Data!$A$5:$A$24,0)) -> Standard | I24: =INDEX(Changeover_Matrix!$B$5:$G$10,MATCH(E23,Changeover_Matrix!$A$5:$A$10,0),MATCH(E24,Changeover_Matrix!$B$4:$G$4,0)) -> 15 | J24: =F24/$Q$5 -> 31.25 | K24: =K23+I24+J24 -> 1620 | L24: =G24-$Q$7+1 -> 4 | M24: =CEILING(K24/$Q$6,1) -> 2 | N24: =IF(M24<=L24,"On Time","Late") -> On Time

Sheet Summary
A1: Summary — Manual vs AI-Naive vs Agent-Constrained
A2: 20 orders, one mixing line, week of 06-Oct-2026
A4: Metric | B4: Manual (FCFS/EDD) | C4: AI-Naive (colour cluster) | D4: Agent (constrained)
A5: Total changeover time (min) | B5: =SUM(Manual_Schedule!I5:I24) -> 885 | C5: =SUM(AI_Naive_Schedule!I5:I24) -> 390 | D5: =SUM(Agent_Schedule!I5:I24) -> 570
A6: Total changeover time (hrs) | B6: =B5/60 -> 14.75 | C6: =C5/60 -> 6.5 | D6: =D5/60 -> 9.5
A7: Total process time (min) | B7: =SUM(Manual_Schedule!J5:J24) -> 1050 | C7: =SUM(AI_Naive_Schedule!J5:J24) -> 1050 | D7: =SUM(Agent_Schedule!J5:J24) -> 1050
A8: Total schedule time (min) | B8: =B5+B7 -> 1935 | C8: =C5+C7 -> 1440 | D8: =D5+D7 -> 1620
A9: Orders On Time (of 20) | B9: =COUNTIF(Manual_Schedule!N5:N24,"On Time") -> 20 | C9: =COUNTIF(AI_Naive_Schedule!N5:N24,"On Time") -> 19 | D9: =COUNTIF(Agent_Schedule!N5:N24,"On Time") -> 20
A10: On-Time % | B10: =B9/20 -> 1 | C10: =C9/20 -> 0.95 | D10: =D9/20 -> 1
A11: Changeover reduction vs Manual | B11: 0 | C11: =(B5-C5)/B5 -> 0.55932203 | D11: =(B5-D5)/B5 -> 0.3559322
A14: Reading the result
A15: The AI-Naive schedule cuts changeover time the most, but it does so by ignoring due-date priority, which pushes one Rush order past its due day (check AI_Naive_Schedule, OTIF column). The Agent schedule keeps almost all of that saving while guaranteeing every Rush order still finishes on time -- the constraint is what turns 'an optimisation' into something safe to run in production unattended.
