Workbook

Sheet Sales History
A1: PEREPA EDU — Demand Forecasting Lab: Packaging SKU Order History
A2: 24-month order history (rolls of 1,000m) for 3 packaging SKUs, with festival-season flag
A4: Month | B4: Month Index | C4: SKU-A (Snack Pouch) | D4: SKU-B (Pet Food Pouch) | E4: SKU-C (Detergent Pouch) | F4: Festival Flag
A5: 45627 | B5: 1 | C5: 45 | D5: 26 | E5: 32 | F5: 1
A6: 45658 | B6: 2 | C6: 32 | D6: 21 | E6: 25 | F6: 0
A7: 45689 | B7: 3 | C7: 35 | D7: 20 | E7: 25 | F7: 0
A8: 45717 | B8: 4 | C8: 32 | D8: 21 | E8: 25 | F8: 0
A9: 45748 | B9: 5 | C9: 33 | D9: 21 | E9: 26 | F9: 0
A10: 45778 | B10: 6 | C10: 35 | D10: 21 | E10: 26 | F10: 0
A11: 45809 | B11: 7 | C11: 37 | D11: 21 | E11: 27 | F11: 0
A12: 45839 | B12: 8 | C12: 37 | D12: 22 | E12: 25 | F12: 0
A13: 45870 | B13: 9 | C13: 39 | D13: 23 | E13: 25 | F13: 0
A14: 45901 | B14: 10 | C14: 36 | D14: 25 | E14: 27 | F14: 0
A15: 45931 | B15: 11 | C15: 53 | D15: 33 | E15: 37 | F15: 1
A16: 45962 | B16: 12 | C16: 54 | D16: 32 | E16: 37 | F16: 1
... A28: 46327 | B28: 24 | C28: 60 | D28: 37 | E28: 43 | F28: 1
A30: Note: SKU quantity and Festival Flag cells are inputs (blue) — replace with actual order history.

Sheet Forecast
A1: Seasonal Forecast, Confidence Interval & Safety Stock
A2: Formulas only — recalculates automatically if Sales History data changes
A4: Next Forecast Month Index (25 = Dec-2026) | B4: 25
A5: Is Next Month a Festival Month? (1=Yes,0=No) | B5: 1
A6: Lead Time (days) | B6: 15
A7: Target Service Level | B7: 0.9
B10: Z-score for service level = | C10: =NORMSINV(B7) -> 1.2815516
A13: SKU | B13: Trend Forecast (FORECAST) | C13: Festival Index | D13: Adjusted Forecast | E13: Std Error (STEYX) | F13: 95% CI Margin | G13: Lower Bound | H13: Upper Bound | I13: Daily Demand Std Dev | J13: Safety Stock | K13: Recommended Production Qty
A14: SKU-A (Snack Pouch) | B14: =FORECAST($B$4,'Sales History'!$C$5:$C$28,'Sales History'!$B$5:$B$28) -> 51.677536 | C14: =AVERAGEIFS('Sales History'!$C$5:$C$28,'Sales History'!$F$5:$F$28,1)/AVERAGE('Sales History'!$C$5:$C$28) -> 1.2732615 | D14: =B14*IF($B$5=1,C14,AVERAGEIFS('Sales History'!$C$5:$C$28,'Sales History'!$F$5:$F$28,0)/AVERAGE('Sales History'!$C$5:$C$28)) -> 65.799018 | E14: =STEYX('Sales History'!$C$5:$C$28,'Sales History'!$B$5:$B$28) -> 6.5075567 | F14: =NORMSINV(0.975)*E14 -> 12.754577 | G14: =D14-F14 -> 53.044441 | H14: =D14+F14 -> 78.553594 | I14: =STDEV('Sales History'!$C$5:$C$28)/SQRT(30) -> 1.4968364 | J14: =$C$10*I14*SQRT($B$6) -> 7.4294397 | K14: =D14+J14 -> 73.228457
A15: SKU-B (Pet Food Pouch) | B15: =FORECAST($B$4,'Sales History'!$D$5:$D$28,'Sales History'!$B$5:$B$28) -> 32.126812 | C15: =AVERAGEIFS('Sales History'!$D$5:$D$28,'Sales History'!$F$5:$F$28,1)/AVERAGE('Sales History'!$D$5:$D$28) -> 1.2527822 | D15: =B15*IF($B$5=1,C15,AVERAGEIFS('Sales History'!$D$5:$D$28,'Sales History'!$F$5:$F$28,0)/AVERAGE('Sales History'!$D$5:$D$28)) -> 40.247898 | E15: =STEYX('Sales History'!$D$5:$D$28,'Sales History'!$B$5:$B$28) -> 3.7059499 | F15: =NORMSINV(0.975)*E15 -> 7.2635283 | G15: =D15-F15 -> 32.984369 | H15: =D15+F15 -> 47.511426 | I15: =STDEV('Sales History'!$D$5:$D$28)/SQRT(30) -> 0.90085172 | J15: =$C$10*I15*SQRT($B$6) -> 4.4713125 | K15: =D15+J15 -> 44.71921
A16: SKU-C (Detergent Pouch) | B16: =FORECAST($B$4,'Sales History'!$E$5:$E$28,'Sales History'!$B$5:$B$28) -> 35.300725 | C16: =AVERAGEIFS('Sales History'!$E$5:$E$28,'Sales History'!$F$5:$F$28,1)/AVERAGE('Sales History'!$E$5:$E$28) -> 1.2686981 | D16: =B16*IF($B$5=1,C16,AVERAGEIFS('Sales History'!$E$5:$E$28,'Sales History'!$F$5:$F$28,0)/AVERAGE('Sales History'!$E$5:$E$28)) -> 44.785961 | E16: =STEYX('Sales History'!$E$5:$E$28,'Sales History'!$B$5:$B$28) -> 4.6391883 | F16: =NORMSINV(0.975)*E16 -> 9.0926421 | G16: =D16-F16 -> 35.693319 | H16: =D16+F16 -> 53.878603 | I16: =STDEV('Sales History'!$E$5:$E$28)/SQRT(30) -> 0.98821559 | J16: =$C$10*I16*SQRT($B$6) -> 4.9049368 | K16: =D16+J16 -> 49.690898
A19: Interpretation: Recommended Production Qty = seasonally-adjusted forecast + buffer for demand variability during lead time.
A20: Compare this to the flat-capacity plan (Oct example: 40/25/30 rolls) to see where AI-driven forecast changes the production schedule.

Sheet Copilot Prompts
A1: How the Planner Used Copilot in Excel to Build This Model
A2: Training reference: the natural-language prompt sequence, and what Copilot generated in response
A4: Step | B4: Prompt Typed Into Copilot | C4: What Copilot Built / Which Cells
A5: 1 | B5: Build a seasonal forecast for SKU-A, SKU-B, and SKU-C for the next month using this 24-month history, accounting for the Festival Flag column. | C5: Forecast!B14:D16 — FORECAST for the trend, plus a Festival Index (AVERAGEIFS ratio) to seasonally adjust the trend line.
A6: 2 | B6: Add a 95% confidence interval to each forecast so I can see a low-high range, not just one number. | C6: Forecast!E14:H16 — STEYX for standard error, NORMSINV(0.975) for the z-multiplier, then Lower/Upper Bound columns.
A7: 3 | B7: Calculate safety stock for each SKU at a 90% service level, assuming 15-day lead time, based on demand variability in this data. | C7: Forecast!B7, C10, I14:J16 — Z-score via NORMSINV(service level), daily demand std dev via STDEV scaled by SQRT(30), Safety Stock = Z x StdDev x SQRT(lead time).
A8: 4 | B8: Summarize this in a table: SKU, Forecast Qty, Confidence Range, Safety Stock, and Recommended Production Qty (Forecast + Safety Stock). | C8: Forecast!A13:K16 — the full summary table, with Recommended Production Qty highlighted.
A10: Teaching point:
A11: The planner never wrote a formula from scratch. The skill being taught is describing the business logic precisely (seasonality, service level, lead time) and then checking that Copilot's formula choice actually matches — e.g. did it really use the Festival Flag, or just average everything?
