Workbook

Sheet DOE Design & Results
A1: PEREPA EDU — Design of Experiments (2^3 Full Factorial, 2 Replicates)
A2: Predicting Viscosity from Resin %, Pigment %, and Drying Aid % — 8 combinations x 2 replicates = 16 runs
A4: Factor Levels
A5: Factor | B5: Description | C5: Low (-1) | D5: High (+1)
A6: Factor A | B6: Resin (%) | C6: 28 | D6: 38
A7: Factor B | B7: Pigment (%) | C7: 12 | D7: 20
A8: Factor C | B8: Drying Aid Additive (%) | C8: 2 | D8: 5
A10: Run | B10: Factor A (coded) | C10: Factor B (coded) | D10: Factor C (coded) | E10: Resin (%) | F10: Pigment (%) | G10: Additive (%) | H10: Viscosity (cP) [measured]
A11: 1 | B11: -1 | C11: -1 | D11: -1 | E11: 28 | F11: 12 | G11: 2 | H11: 30.4
A12: 2 | B12: -1 | C12: -1 | D12: 1 | E12: 28 | F12: 12 | G12: 5 | H12: 31.7
A13: 3 | B13: -1 | C13: 1 | D13: 1 | E13: 28 | F13: 20 | G13: 5 | H13: 37.9
A14: 4 | B14: 1 | C14: -1 | D14: 1 | E14: 38 | F14: 12 | G14: 5 | H14: 48.4
A15: 5 | B15: 1 | C15: 1 | D15: 1 | E15: 38 | F15: 20 | G15: 5 | H15: 55.3
A16: 6 | B16: -1 | C16: -1 | D16: 1 | E16: 28 | F16: 12 | G16: 5 | H16: 32.1
A17: 7 | B17: 1 | C17: 1 | D17: -1 | E17: 38 | F17: 20 | G17: 2 | H17: 52.7
A18: 8 | B18: 1 | C18: -1 | D18: -1 | E18: 38 | F18: 12 | G18: 2 | H18: 47.8
A19: 9 | B19: 1 | C19: -1 | D19: -1 | E19: 38 | F19: 12 | G19: 2 | H19: 44.9
A20: 10 | B20: -1 | C20: 1 | D20: -1 | E20: 28 | F20: 20 | G20: 2 | H20: 36
A21: 11 | B21: -1 | C21: 1 | D21: 1 | E21: 28 | F21: 20 | G21: 5 | H21: 37.3
A22: 12 | B22: -1 | C22: 1 | D22: -1 | E22: 28 | F22: 20 | G22: 2 | H22: 37.5
... A26: 16 | B26: 1 | C26: 1 | D26: 1 | E26: 38 | F26: 20 | G26: 5 | H26: 51.3
A28: Coded -1/+1 columns are the DOE design; actual % columns are what the chemist mixes; Viscosity is measured on a viscometer per run.

Sheet Effect Analysis
A1: Main Effect of Each Factor on Viscosity
A2: Effect = Average(Viscosity at High level) - Average(Viscosity at Low level)
A4: Factor | B4: Avg Viscosity at Low (-1) | C4: Avg Viscosity at High (+1) | D4: Effect (High - Low) | E4: Half-Effect (model coefficient) | F4: % of Total Effect Magnitude
A5: Factor A (Resin (%)) | B5: =AVERAGEIF('DOE Design & Results'!$B$11:$B$26,-1,'DOE Design & Results'!$H$11:$H$26) -> 34.5625 | C5: =AVERAGEIF('DOE Design & Results'!$B$11:$B$26,1,'DOE Design & Results'!$H$11:$H$26) -> 50.1125 | D5: =C5-B5 -> 15.55 | E5: =D5/2 -> 7.775 | F5: =ABS(D5)/SUMPRODUCT(ABS($D$5:$D$7)) -> 0.71248568
A6: Factor B (Pigment (%)) | B6: =AVERAGEIF('DOE Design & Results'!$C$11:$C$26,-1,'DOE Design & Results'!$H$11:$H$26) -> 39.95 | C6: =AVERAGEIF('DOE Design & Results'!$C$11:$C$26,1,'DOE Design & Results'!$H$11:$H$26) -> 44.725 | D6: =C6-B6 -> 4.775 | E6: =D6/2 -> 2.3875 | F6: =ABS(D6)/SUMPRODUCT(ABS($D$5:$D$7)) -> 0.2187858
A7: Factor C (Drying Aid Additive (%)) | B7: =AVERAGEIF('DOE Design & Results'!$D$11:$D$26,-1,'DOE Design & Results'!$H$11:$H$26) -> 41.5875 | C7: =AVERAGEIF('DOE Design & Results'!$D$11:$D$26,1,'DOE Design & Results'!$H$11:$H$26) -> 43.0875 | D7: =C7-B7 -> 1.5 | E7: =D7/2 -> 0.75 | F7: =ABS(D7)/SUMPRODUCT(ABS($D$5:$D$7)) -> 0.068728522
A9: Grand Mean (all 16 runs) | C9: =AVERAGE('DOE Design & Results'!$H$11:$H$26) -> 42.3375
A11: Resin % carries most of the effect magnitude — that is the lever to pull if a customer wants higher or lower viscosity. Pigment % is secondary; the additive is essentially noise here.

Sheet Prediction Calculator
A1: What-If — Predict Viscosity for a New Recipe
A2: Enter any Resin/Pigment/Additive % within the tested range; the DOE model predicts Viscosity
A4: Factor | B4: Low (-1) | C4: High (+1) | D4: New Recipe Value | E4: Coded Value | F4: Half-Effect (coeff)
A5: Factor A (Resin (%)) | B5: ='DOE Design & Results'!C6 -> 28 | C5: ='DOE Design & Results'!D6 -> 38 | D5: 33 | E5: =-1+2*(D5-B5)/(C5-B5) -> 0 | F5: ='Effect Analysis'!E5 -> 7.775
A6: Factor B (Pigment (%)) | B6: ='DOE Design & Results'!C7 -> 12 | C6: ='DOE Design & Results'!D7 -> 20 | D6: 16 | E6: =-1+2*(D6-B6)/(C6-B6) -> 0 | F6: ='Effect Analysis'!E6 -> 2.3875
A7: Factor C (Drying Aid Additive (%)) | B7: ='DOE Design & Results'!C8 -> 2 | C7: ='DOE Design & Results'!D8 -> 5 | D7: 3.5 | E7: =-1+2*(D7-B7)/(C7-B7) -> 0 | F7: ='Effect Analysis'!E7 -> 0.75
A9: Predicted Viscosity (cP) | D9: ='Effect Analysis'!C9+SUMPRODUCT(E5:E7,F5:F7) -> 42.3375
A11: Change the New Recipe Value cells above — the predicted viscosity updates instantly, without running a physical trial. Validate any promising recipe with a real trial before committing to production.

Sheet Copilot Prompts
A1: How R&D Used Copilot to Build This DOE Model
A2: Training reference: prompt sequence and what Copilot generated
A4: Step | B4: Prompt Typed Into Copilot | C4: What Copilot Built / Which Cells
A5: 1 | B5: Set up a 2-level full factorial design for 3 factors — Resin %, Pigment %, and Drying Aid % — with 2 replicates, and randomize the run order. | C5: 'DOE Design & Results'!A10:H26 — the coded -1/+1 design matrix, actual % values per run, and a randomized run order, ready for the lab to execute.
A6: 2 | B6: From the 16 measured viscosity results, calculate the main effect of each factor. | C6: 'Effect Analysis'!A5:F7 — AVERAGEIF at each factor's low/high level, effect = high avg - low avg, plus a chart ranking effect size.
A7: 3 | B7: Build a simple prediction model from these effects so I can estimate viscosity for any new recipe within the tested range, without running a new trial. | C7: 'Prediction Calculator'!A5:F8 — converts a new recipe's actual values to coded form, and predicts viscosity as grand mean + sum of (coded value x half-effect).
A8: 4 | B8: If I want viscosity at exactly 45 cP for a new customer spec, what Resin % should I target, holding Pigment and Additive at their current levels? | C8: This needs solving the prediction formula backwards for Resin % — Copilot can do this algebraically, or you back-solve using Goal Seek on the Prediction Calculator sheet.
