Workbook

Sheet Formulation Record
A1: PEREPA EDU — Experimental Data Capture: Ink Formulation & Testing
A2: 20 lab formulation trials for a solvent-based surface print ink — recipe + measured properties
A4: Formulation ID | B4: Date | C4: Chemist | D4: Resin (%) | E4: Pigment (%) | F4: Solvent (%) | G4: Additive (%) | H4: Total (%) | I4: Viscosity (cP) | J4: Fineness of Grind (micron) | K4: Gloss (GU, 60deg) | L4: Delta E (vs standard) | M4: Drying Time (sec)
A5: FRM-001 | B5: 46191 | C5: Dr. Vikram Shah | D5: 30.3 | E5: 13.3 | F5: 51.7 | G5: 4.7 | H5: 100 | I5: 35.1 | J5: 10.9 | K5: 67.3 | L5: 0.61 | M5: 23
A6: FRM-002 | B6: 46174 | C6: Suresh Iyer | D6: 38 | E6: 12.1 | F6: 45.1 | G6: 4.8 | H6: 100 | I6: 49.1 | J6: 15.3 | K6: 66.4 | L6: 0.61 | M6: 21.5
A7: FRM-003 | B7: 46231 | C7: Suresh Iyer | D7: 33.8 | E7: 13 | F7: 49.4 | G7: 3.8 | H7: 100 | I7: 43.2 | J7: 12.3 | K7: 68.7 | L7: 0.57 | M7: 20.8
A8: FRM-004 | B8: 46214 | C8: Suresh Iyer | D8: 28.2 | E8: 12.8 | F8: 56.6 | G8: 2.4 | H8: 100 | I8: 38 | J8: 12.5 | K8: 69.3 | L8: 0.76 | M8: 27.2
A9: FRM-005 | B9: 46146 | C9: Suresh Iyer | D9: 33.8 | E9: 15.5 | F9: 46.3 | G9: 4.4 | H9: 100 | I9: 48.3 | J9: 11.9 | K9: 71.4 | L9: 0.97 | M9: 23.5
A10: FRM-006 | B10: 46193 | C10: Dr. Anjali Rao | D10: 28.2 | E10: 13.1 | F10: 55.3 | G10: 3.4 | H10: 100 | I10: 36 | J10: 11.7 | K10: 67.5 | L10: 0.77 | M10: 22.7
A11: FRM-007 | B11: 46144 | C11: Suresh Iyer | D11: 32.6 | E11: 13.4 | F11: 49.6 | G11: 4.4 | H11: 100 | I11: 42.3 | J11: 9.9 | K11: 67 | L11: 0.27 | M11: 25.4
A12: FRM-008 | B12: 46159 | C12: Dr. Vikram Shah | D12: 34.6 | E12: 18 | F12: 43.6 | G12: 3.8 | H12: 100 | I12: 39.4 | J12: 9.1 | K12: 74.5 | L12: 1.23 | M12: 18.9
A13: FRM-009 | B13: 46198 | C13: Dr. Vikram Shah | D13: 35.3 | E13: 17.4 | F13: 44.1 | G13: 3.2 | H13: 100 | I13: 40.7 | J13: 12.2 | K13: 70.7 | L13: 1.21 | M13: 18.9
A14: FRM-010 | B14: 46184 | C14: Suresh Iyer | D14: 31.8 | E14: 19.1 | F14: 44.8 | G14: 4.3 | H14: 100 | I14: 39.6 | J14: 10.8 | K14: 71 | L14: 0.88 | M14: 20.3
A15: FRM-011 | B15: 46166 | C15: Dr. Vikram Shah | D15: 34.7 | E15: 12.5 | F15: 50.1 | G15: 2.7 | H15: 100 | I15: 45.5 | J15: 11.6 | K15: 67.3 | L15: 1.18 | M15: 22.1
A16: FRM-012 | B16: 46200 | C16: Suresh Iyer | D16: 35.4 | E16: 13.5 | F16: 46.8 | G16: 4.3 | H16: 100 | I16: 47 | J16: 10.9 | K16: 70.4 | L16: 0.73 | M16: 22.8
... A24: FRM-020 | B24: 46208 | C24: Suresh Iyer | D24: 29.8 | E24: 12.5 | F24: 54.1 | G24: 3.6 | H24: 100 | I24: 39 | J24: 13 | K24: 70.5 | L24: 0.76 | M24: 25.4
A26: Blue cells = inputs. Recipe % comes from the batch card; properties are measured in the lab (viscometer, grindometer, glossmeter, spectrophotometer, dry-time gauge).

Sheet Spec Compliance Dashboard
A1: Is Every Trial Within Customer/Internal Spec?
A2: Set the spec range once; every trial is checked automatically
A4: Property
A5: Property | B5: Spec Min | C5: Spec Max | D5: Batch Average | E5: Batch Min | F5: Batch Max | G5: Within Spec? | H5: Std Dev (consistency)
A6: Viscosity (cP) | B6: 30 | C6: 60 | D6: =AVERAGE('Formulation Record'!$I$5:$I$24) -> 41.49 | E6: =MIN('Formulation Record'!$I$5:$I$24) -> 35.1 | F6: =MAX('Formulation Record'!$I$5:$I$24) -> 49.1 | G6: =IF(AND(E6>=B6,F6<=C6),"YES","NO - some trials out of spec") -> YES | H6: =STDEV('Formulation Record'!$I$5:$I$24) -> 4.2397741
A7: Fineness of Grind (micron) | B7: 5 | C7: 12 | D7: =AVERAGE('Formulation Record'!$J$5:$J$24) -> 11.615 | E7: =MIN('Formulation Record'!$J$5:$J$24) -> 9.1 | F7: =MAX('Formulation Record'!$J$5:$J$24) -> 15.3 | G7: =IF(AND(E7>=B7,F7<=C7),"YES","NO - some trials out of spec") -> NO - some trials out of spec | H7: =STDEV('Formulation Record'!$J$5:$J$24) -> 1.4510522
A8: Gloss (GU, 60deg) | B8: 65 | C8: 90 | D8: =AVERAGE('Formulation Record'!$K$5:$K$24) -> 69.055 | E8: =MIN('Formulation Record'!$K$5:$K$24) -> 61.8 | F8: =MAX('Formulation Record'!$K$5:$K$24) -> 74.5 | G8: =IF(AND(E8>=B8,F8<=C8),"YES","NO - some trials out of spec") -> NO - some trials out of spec | H8: =STDEV('Formulation Record'!$K$5:$K$24) -> 3.0591493
A9: Delta E (vs standard) | B9: 0 | C9: 2 | D9: =AVERAGE('Formulation Record'!$L$5:$L$24) -> 0.8915 | E9: =MIN('Formulation Record'!$L$5:$L$24) -> 0.03 | F9: =MAX('Formulation Record'!$L$5:$L$24) -> 1.76 | G9: =IF(AND(E9>=B9,F9<=C9),"YES","NO - some trials out of spec") -> YES | H9: =STDEV('Formulation Record'!$L$5:$L$24) -> 0.45962542
A10: Drying Time (sec) | B10: 15 | C10: 30 | D10: =AVERAGE('Formulation Record'!$M$5:$M$24) -> 22.25 | E10: =MIN('Formulation Record'!$M$5:$M$24) -> 13.7 | F10: =MAX('Formulation Record'!$M$5:$M$24) -> 27.2 | G10: =IF(AND(E10>=B10,F10<=C10),"YES","NO - some trials out of spec") -> NO - some trials out of spec | H10: =STDEV('Formulation Record'!$M$5:$M$24) -> 2.9016329
A12: A high Std Dev relative to the spec window means the process is inconsistent even if the average looks fine — that's the batch-to-batch repeatability problem, separate from whether any single batch passed.

Sheet Formulation vs Property
A1: Does Recipe % Actually Move the Measured Property?
A2: Correlation between recipe ingredients and key measured properties
A4: Relationship | B4: Correlation (r) | C4: Interpretation
A5: Resin % vs Viscosity | B5: =CORREL('Formulation Record'!$D$5:$D$24,'Formulation Record'!$I$5:$I$24) -> 0.78491582 | C5: =IF(ABS(B5)>=0.6,"Strong relationship - formulation lever confirmed",IF(ABS(B5)>=0.3,"Moderate","Weak - other factors dominate")) -> Strong relationship - formulation lever confirmed
A6: Pigment % vs Gloss | B6: =CORREL('Formulation Record'!$E$5:$E$24,'Formulation Record'!$K$5:$K$24) -> 0.68247932 | C6: =IF(ABS(B6)>=0.6,"Strong relationship - formulation lever confirmed",IF(ABS(B6)>=0.3,"Moderate","Weak - other factors dominate")) -> Strong relationship - formulation lever confirmed
A7: Pigment % vs Fineness of Grind | B7: =CORREL('Formulation Record'!$E$5:$E$24,'Formulation Record'!$J$5:$J$24) -> -0.46688812 | C7: =IF(ABS(B7)>=0.6,"Strong relationship - formulation lever confirmed",IF(ABS(B7)>=0.3,"Moderate","Weak - other factors dominate")) -> Moderate
A9: This confirms formulation science with real data: e.g. more resin genuinely raises viscosity here — so a chemist adjusting viscosity should reach for resin %, not fineness of grind.

Sheet Copilot Prompts
A1: How R&D Used Copilot to Build This Formulation Model
A2: Training reference: prompt sequence and what Copilot generated
A4: Step | B4: Prompt Typed Into Copilot | C4: What Copilot Built / Which Cells
A5: 1 | B5: For each measured property (viscosity, fineness, gloss, delta E, drying time), show me the batch average, min, max, and whether all 20 trials fall inside the spec range I give you. | C5: 'Spec Compliance Dashboard'!A6:G10 — AVERAGE/MIN/MAX per property plus an IF check against spec bounds I input.
A6: 2 | B6: Also show the standard deviation for each property so I can see which one is least consistent batch-to-batch, even if every batch technically passed. | C6: 'Spec Compliance Dashboard'!H6:H10 — STDEV per property.
A7: 3 | B7: Check whether Resin % actually correlates with Viscosity, and whether Pigment % correlates with Gloss and Fineness of Grind. | C7: 'Formulation vs Property'!A5:C7 — CORREL for each recipe-vs-property pair with a plain-language interpretation.
A8: 4 | B8: Summarize which recipe ingredient is the real lever for each property, in one line I can put in the formulation guideline document. | C8: A written synthesis of the correlation table above — this is a text-generation step, same pattern as turning the adhesion regression into a technical service note.
