Workbook

Sheet Material Consumption
A1: PEREPA EDU — Inventory Optimization Lab: Raw Material Consumption History
A2: 24-month consumption for 3 key raw materials at a flexible packaging plant
A4: Month | B4: Month Index | C4: BOPP Film (kg) | D4: Solvent Ink (kg) | E4: Lamination Adhesive (kg) | F4: Festival Flag
A5: 45627 | B5: 1 | C5: 4184 | D5: 335 | E5: 239 | F5: 1
A6: 45658 | B6: 2 | C6: 3212 | D6: 267 | E6: 182 | F6: 0
A7: 45689 | B7: 3 | C7: 3249 | D7: 269 | E7: 179 | F7: 0
A8: 45717 | B8: 4 | C8: 3349 | D8: 263 | E8: 181 | F8: 0
A9: 45748 | B9: 5 | C9: 3388 | D9: 282 | E9: 184 | F9: 0
A10: 45778 | B10: 6 | C10: 3396 | D10: 281 | E10: 199 | F10: 0
A11: 45809 | B11: 7 | C11: 3492 | D11: 279 | E11: 202 | F11: 0
A12: 45839 | B12: 8 | C12: 3447 | D12: 291 | E12: 193 | F12: 0
A13: 45870 | B13: 9 | C13: 3503 | D13: 279 | E13: 195 | F13: 0
A14: 45901 | B14: 10 | C14: 3651 | D14: 284 | E14: 201 | F14: 0
A15: 45931 | B15: 11 | C15: 4754 | D15: 378 | E15: 263 | F15: 1
A16: 45962 | B16: 12 | C16: 4714 | D16: 376 | E16: 260 | F16: 1
... A28: 46327 | B28: 24 | C28: 5434 | D28: 423 | E28: 300 | F28: 1
A30: Blue cells = inputs. Replace with actual store-issue / consumption data from your ERP.

Sheet EOQ & Reorder Point
A1: Economic Order Quantity, Safety Stock & Reorder Point
A2: All results recalculate automatically if Material Consumption or assumptions change
A4: Global Assumption
A5: Target Service Level | B5: 0.95 | C5: Z-score = | D5: =NORMSINV(B5) -> 1.6448536
A8: Material Assumptions (edit blue cells)
A9: Material | B9: Unit Cost (INR/kg) | C9: Ordering Cost (INR/order) | D9: Holding Cost (% of value/yr) | E9: Lead Time (days)
A10: BOPP Film | B10: 145 | C10: 8000 | D10: 0.18 | E10: 20
A11: Solvent Ink | B11: 620 | C11: 5000 | D11: 0.22 | E11: 30
A12: Lamination Adhesive | B12: 210 | C12: 4500 | D12: 0.2 | E12: 18
A14: Material | B14: Annual Demand (last 12mo, kg) | C14: Avg Daily Consumption | D14: Daily Demand Std Dev | E14: EOQ (order qty, kg) | F14: Orders per Year | G14: Safety Stock (kg) | H14: Reorder Point (kg) | I14: Annual Holding Cost (INR) | J14: Annual Ordering Cost (INR) | K14: Total Annual Cost (INR)
A15: BOPP Film | B15: =SUM('Material Consumption'!$C$17:$C$28) -> 51084 | C15: =B15/365 -> 139.95616 | D15: =STDEV('Material Consumption'!$C$5:$C$28)/SQRT(30) -> 116.24496 | E15: =SQRT(2*B15*C10/(D10*B10)) -> 5596.0577 | F15: =B15/E15 -> 9.1285692 | G15: =$D$5*D15*SQRT(E10) -> 855.09899 | H15: =C15*E10+G15 -> 3654.2223 | I15: =(E15/2)*B10*D10 -> 73028.553 | J15: =F15*C10 -> 73028.553 | K15: =I15+J15 -> 146057.11
A16: Solvent Ink | B16: =SUM('Material Consumption'!$D$17:$D$28) -> 4074 | C16: =B16/365 -> 11.161644 | D16: =STDEV('Material Consumption'!$D$5:$D$28)/SQRT(30) -> 8.8095661 | E16: =SQRT(2*B16*C11/(D11*B11)) -> 546.51656 | F16: =B16/E16 -> 7.4544859 | G16: =$D$5*D16*SQRT(E11) -> 79.367445 | H16: =C16*E11+G16 -> 414.21676 | I16: =(E16/2)*B11*D11 -> 37272.429 | J16: =F16*C11 -> 37272.429 | K16: =I16+J16 -> 74544.859
A17: Lamination Adhesive | B17: =SUM('Material Consumption'!$E$17:$E$28) -> 2809 | C17: =B17/365 -> 7.6958904 | D17: =STDEV('Material Consumption'!$E$5:$E$28)/SQRT(30) -> 6.2006262 | E17: =SQRT(2*B17*C12/(D12*B12)) -> 775.84056 | F17: =B17/E17 -> 3.6205893 | G17: =$D$5*D17*SQRT(E12) -> 43.271212 | H17: =C17*E12+G17 -> 181.79724 | I17: =(E17/2)*B12*D12 -> 16292.652 | J17: =F17*C12 -> 16292.652 | K17: =I17+J17 -> 32585.303
A20: Reorder Point = the stock level at which a fresh purchase order must be placed.
A21: EOQ = the order quantity that minimizes total (holding + ordering) cost per year.
A22: Try changing Lead Time or Holding Cost % above to see Reorder Point and EOQ update live (what-if analysis).

Sheet ABC & Dead Stock
A1: ABC Classification & Slow-Mover (Dead Stock) Flag
A2: Materials pre-sorted by annual consumption value (descending) — cumulative % drives the ABC class
A4: Reference Month (for dead-stock check) | C4: 46327
A7: Material / Consumable | B7: Annual Consumption Value (INR) | C7: % of Total | D7: Cumulative % | E7: ABC Class | F7: Last Movement Month | G7: Months Since Last Use | H7: Status
A8: BOPP Film | B8: ='EOQ & Reorder Point'!B15*'EOQ & Reorder Point'!B10 -> 7407180 | C8: =B8/SUM($B$8:$B$17) -> 0.56166273 | D8: =C8 -> 0.56166273 | E8: =IF(D8<=0.8,"A",IF(D8<=0.95,"B","C")) -> A | F8: 46327 | G8: =(YEAR($C$4)-YEAR(F8))*12+(MONTH($C$4)-MONTH(F8)) -> 0 | H8: =IF(G8>3,"Slow Mover - Review","Active") -> Active
A9: Solvent Ink | B9: ='EOQ & Reorder Point'!B16*'EOQ & Reorder Point'!B11 -> 2525880 | C9: =B9/SUM($B$8:$B$17) -> 0.19152939 | D9: =D8+C9 -> 0.75319212 | E9: =IF(D9<=0.8,"A",IF(D9<=0.95,"B","C")) -> A | F9: 46327 | G9: =(YEAR($C$4)-YEAR(F9))*12+(MONTH($C$4)-MONTH(F9)) -> 0 | H9: =IF(G9>3,"Slow Mover - Review","Active") -> Active
A10: Corrugated Boxes | B10: 1200000 | C10: =B10/SUM($B$8:$B$17) -> 0.090992156 | D10: =D9+C10 -> 0.84418427 | E10: =IF(D10<=0.8,"A",IF(D10<=0.95,"B","C")) -> B | F10: 46327 | G10: =(YEAR($C$4)-YEAR(F10))*12+(MONTH($C$4)-MONTH(F10)) -> 0 | H10: =IF(G10>3,"Slow Mover - Review","Active") -> Active
A11: Lamination Adhesive | B11: ='EOQ & Reorder Point'!B17*'EOQ & Reorder Point'!B12 -> 589890 | C11: =B11/SUM($B$8:$B$17) -> 0.044729469 | D11: =D10+C11 -> 0.88891374 | E11: =IF(D11<=0.8,"A",IF(D11<=0.95,"B","C")) -> B | F11: 46327 | G11: =(YEAR($C$4)-YEAR(F11))*12+(MONTH($C$4)-MONTH(F11)) -> 0 | H11: =IF(G11>3,"Slow Mover - Review","Active") -> Active
A12: Printing Plates | B12: 450000 | C12: =B12/SUM($B$8:$B$17) -> 0.034122058 | D12: =D11+C12 -> 0.9230358 | E12: =IF(D12<=0.8,"A",IF(D12<=0.95,"B","C")) -> B | F12: 46266 | G12: =(YEAR($C$4)-YEAR(F12))*12+(MONTH($C$4)-MONTH(F12)) -> 2 | H12: =IF(G12>3,"Slow Mover - Review","Active") -> Active
A13: Cleaning Solvent | B13: 380000 | C13: =B13/SUM($B$8:$B$17) -> 0.028814183 | D13: =D12+C13 -> 0.95184998 | E13: =IF(D13<=0.8,"A",IF(D13<=0.95,"B","C")) -> C | F13: 46327 | G13: =(YEAR($C$4)-YEAR(F13))*12+(MONTH($C$4)-MONTH(F13)) -> 0 | H13: =IF(G13>3,"Slow Mover - Review","Active") -> Active
A14: Stretch Wrap Film | B14: 290000 | C14: =B14/SUM($B$8:$B$17) -> 0.021989771 | D14: =D13+C14 -> 0.97383976 | E14: =IF(D14<=0.8,"A",IF(D14<=0.95,"B","C")) -> C | F14: 46327 | G14: =(YEAR($C$4)-YEAR(F14))*12+(MONTH($C$4)-MONTH(F14)) -> 0 | H14: =IF(G14>3,"Slow Mover - Review","Active") -> Active
A15: Pressure Labels | B15: 210000 | C15: =B15/SUM($B$8:$B$17) -> 0.015923627 | D15: =D14+C15 -> 0.98976338 | E15: =IF(D15<=0.8,"A",IF(D15<=0.95,"B","C")) -> C | F15: 46296 | G15: =(YEAR($C$4)-YEAR(F15))*12+(MONTH($C$4)-MONTH(F15)) -> 1 | H15: =IF(G15>3,"Slow Mover - Review","Active") -> Active
A16: Core Tubes | B16: 95000 | C16: =B16/SUM($B$8:$B$17) -> 0.0072035457 | D16: =D15+C16 -> 0.99696693 | E16: =IF(D16<=0.8,"A",IF(D16<=0.95,"B","C")) -> C | F16: 46204 | G16: =(YEAR($C$4)-YEAR(F16))*12+(MONTH($C$4)-MONTH(F16)) -> 4 | H16: =IF(G16>3,"Slow Mover - Review","Active") -> Slow Mover - Review
A17: Misc Spares | B17: 40000 | C17: =B17/SUM($B$8:$B$17) -> 0.0030330719 | D17: =D16+C17 -> 1 | E17: =IF(D17<=0.8,"A",IF(D17<=0.95,"B","C")) -> C | F17: 46174 | G17: =(YEAR($C$4)-YEAR(F17))*12+(MONTH($C$4)-MONTH(F17)) -> 5 | H17: =IF(G17>3,"Slow Mover - Review","Active") -> Slow Mover - Review
A19: A-class items (top ~80% of value) get tight control: frequent counts, low safety margin, negotiated pricing.
A20: C-class items get loose control: bulk ordering, higher safety stock is cheap to hold.
A21: 'Slow Mover' = no consumption in 3+ months from the reference month — capital sitting idle.

Sheet Copilot Prompts
A1: How the Planner Used Copilot in Excel to Build This Inventory Model
A2: Training reference: prompt sequence and what Copilot generated
A4: Step | B4: Prompt Typed Into Copilot | C4: What Copilot Built / Which Cells
A5: 1 | B5: Using this 24-month consumption history, calculate the Economic Order Quantity for BOPP Film, Solvent Ink, and Lamination Adhesive. Ordering cost and holding cost % are given per material. | C5: 'EOQ & Reorder Point'!B15:E17 — Annual Demand (SUM of last 12 months), then EOQ = SQRT(2 x Annual Demand x Ordering Cost / Holding Cost per unit).
A6: 2 | B6: Now calculate safety stock and reorder point for each material at a 95% service level, using each material's lead time. | C6: 'EOQ & Reorder Point'!D5, G15:H17 — Z-score via NORMSINV(service level), safety stock = Z x daily demand std dev x SQRT(lead time), reorder point = avg daily consumption x lead time + safety stock.
A7: 3 | B7: Classify these 10 raw materials and consumables into ABC categories based on annual consumption value, sorted highest to lowest, with A up to 80% cumulative value and B up to 95%. | C7: 'ABC & Dead Stock'!C8:E17 — % of total, running cumulative %, and a nested IF for the ABC class.
A8: 4 | B8: Flag any material that hasn't been consumed in the last 3 months as a slow mover, based on its last movement date. | C8: 'ABC & Dead Stock'!G8:H17 — months since last use (year/month difference) and an IF flag for 'Slow Mover - Review'.
A9: 5 | B9: What if the ink supplier's lead time increases from 30 to 40 days — recalculate safety stock and reorder point for Solvent Ink only. | C9: Change 'EOQ & Reorder Point'!E11 to 40 — Safety Stock (G16) and Reorder Point (H16) update automatically; no formula rewrite needed.
A11: Teaching point:
A12: Notice prompt 5 needed no new formula at all — the model was already built correctly, so a what-if is just changing one blue input cell. That is the payoff of building it as live formulas instead of a one-time calculation: the planner can stress-test supplier risk in seconds.
