Workbook

Sheet Defect Log
A1: PEREPA EDU — Quality Analytics Lab: Defect / Rejection Log
A2: 50 print-job quality records, Aug-Sep 2026, flexible packaging plant
A4: Log ID | B4: Date | C4: SKU | D4: Machine | E4: Shift | F4: Operator | G4: Adhesive Batch | H4: Defect Type | I4: Qty Rejected (rolls) | J4: Rework Hours | K4: Bond Strength (N/15mm)
A5: 1 | B5: 46263 | C5: SKU-C | D5: Press-2 | E5: B | F5: Op-Sunita | G5: B103 | H5: Adhesion Failure | I5: 2 | J5: 1.2 | K5: 9.1
A6: 2 | B6: 46244 | C6: SKU-A | D6: Press-1 | E6: C | F6: Op-Meena | G6: B102 | H6: Ink Smudge | I6: 5 | J6: 2 | K6: 15.7
A7: 3 | B7: 46268 | C7: SKU-A | D7: Press-1 | E7: A | F7: Op-Sunita | G7: B101 | H7: Wrinkling | I7: 5 | J7: 4.1 | K7: 18.3
A8: 4 | B8: 46268 | C8: SKU-A | D8: Press-2 | E8: B | F8: Op-Ravi | G8: B104 | H8: Registration Error | I8: 3 | J8: 1.8 | K8: 16.4
A9: 5 | B9: 46270 | C9: SKU-A | D9: Press-2 | E9: B | F9: Op-Sunita | G9: B101 | H9: Color Mismatch | I9: 4 | J9: 1.8 | K9: 20.8
A10: 6 | B10: 46253 | C10: SKU-B | D10: Press-1 | E10: A | F10: Op-Ravi | G10: B104 | H10: Adhesion Failure | I10: 2 | J10: 1.3 | K10: 19.3
A11: 7 | B11: 46280 | C11: SKU-B | D11: Press-2 | E11: A | F11: Op-Sunita | G11: B103 | H11: Pinholes | I11: 1 | J11: 0.9 | K11: 10.6
A12: 8 | B12: 46283 | C12: SKU-A | D12: Press-1 | E12: A | F12: Op-Ravi | G12: B103 | H12: Adhesion Failure | I12: 5 | J12: 2.4 | K12: 13
A13: 9 | B13: 46270 | C13: SKU-A | D13: Press-2 | E13: C | F13: Op-Sunita | G13: B102 | H13: Ink Smudge | I13: 4 | J13: 2.4 | K13: 16.5
A14: 10 | B14: 46248 | C14: SKU-A | D14: Press-2 | E14: C | F14: Op-Karan | G14: B101 | H14: Ink Smudge | I14: 2 | J14: 1 | K14: 18.9
A15: 11 | B15: 46289 | C15: SKU-C | D15: Press-1 | E15: A | F15: Op-Sunita | G15: B103 | H15: Adhesion Failure | I15: 4 | J15: 2.4 | K15: 11.8
A16: 12 | B16: 46239 | C16: SKU-A | D16: Press-1 | E16: C | F16: Op-Sunita | G16: B103 | H16: Adhesion Failure | I16: 6 | J16: 3.8 | K16: 9.7
... A54: 50 | B54: 46292 | C54: SKU-C | D54: Press-2 | E54: A | F54: Op-Sunita | G54: B103 | H54: Adhesion Failure | I54: 3 | J54: 2.7 | K54: 11.8
A56: Blue cells = inputs. In practice this feeds from your QC/ERP system, not manual entry.

Sheet Pareto Analysis
A1: 1. Pareto Analysis — Defect Type by Rejected Qty
A2: AI/Copilot aggregates the raw log into ranked defect totals — the 80/20 view
A4: Defect Type | B4: Total Rejected (rolls) | C4: % of Total | D4: Cumulative %
A5: Adhesion Failure | B5: =SUMIF('Defect Log'!$H$5:$H$54,A5,'Defect Log'!$I$5:$I$54) -> 88 | C5: =B5/SUM($B$5:$B$10) -> 0.51764706 | D5: =C5 -> 0.51764706
A6: Color Mismatch | B6: =SUMIF('Defect Log'!$H$5:$H$54,A6,'Defect Log'!$I$5:$I$54) -> 15 | C6: =B6/SUM($B$5:$B$10) -> 0.088235294 | D6: =D5+C6 -> 0.60588235
A7: Registration Error | B7: =SUMIF('Defect Log'!$H$5:$H$54,A7,'Defect Log'!$I$5:$I$54) -> 16 | C7: =B7/SUM($B$5:$B$10) -> 0.094117647 | D7: =D6+C7 -> 0.7
A8: Pinholes | B8: =SUMIF('Defect Log'!$H$5:$H$54,A8,'Defect Log'!$I$5:$I$54) -> 22 | C8: =B8/SUM($B$5:$B$10) -> 0.12941176 | D8: =D7+C8 -> 0.82941176
A9: Wrinkling | B9: =SUMIF('Defect Log'!$H$5:$H$54,A9,'Defect Log'!$I$5:$I$54) -> 15 | C9: =B9/SUM($B$5:$B$10) -> 0.088235294 | D9: =D8+C9 -> 0.91764706
A10: Ink Smudge | B10: =SUMIF('Defect Log'!$H$5:$H$54,A10,'Defect Log'!$I$5:$I$54) -> 14 | C10: =B10/SUM($B$5:$B$10) -> 0.082352941 | D10: =D9+C10 -> 1
A12: Adhesion Failure alone is ~40% of rejects — the single biggest lever for the operations team.

Sheet Control Chart & Cpk
A1: 2. Process Capability (Cpk) — Lamination Bond Strength
A2: Inline QC reading on every job. Spec: Bond Strength must be >= Lower Spec Limit (LSL).
A4: Spec Limit (LSL, N/15mm) | C4: 12
A6: Mean Bond Strength | C6: =AVERAGE('Defect Log'!$K$5:$K$54) -> 14.982
A7: Std Dev | C7: =STDEV('Defect Log'!$K$5:$K$54) -> 3.7829203
A8: Cpk (one-sided, lower) | C8: =(C6-C4)/(3*C7) -> 0.26275997
A9: Sample Size (n) | C9: =COUNT('Defect Log'!$K$5:$K$54) -> 50
A11: Cpk < 1.0 = process not capable (expect frequent out-of-spec output).
A12: Cpk 1.0-1.33 = marginal. Cpk > 1.33 = capable.
A15: Log ID | B15: Date | C15: Adhesive Batch | D15: Bond Strength | E15: LSL
A16: ='Defect Log'!A5 -> 1 | B16: ='Defect Log'!B5 -> 46263 | C16: ='Defect Log'!G5 -> B103 | D16: ='Defect Log'!K5 -> 9.1 | E16: =$C$4 -> 12
A17: ='Defect Log'!A6 -> 2 | B17: ='Defect Log'!B6 -> 46244 | C17: ='Defect Log'!G6 -> B102 | D17: ='Defect Log'!K6 -> 15.7 | E17: =$C$4 -> 12
A18: ='Defect Log'!A7 -> 3 | B18: ='Defect Log'!B7 -> 46268 | C18: ='Defect Log'!G7 -> B101 | D18: ='Defect Log'!K7 -> 18.3 | E18: =$C$4 -> 12
A19: ='Defect Log'!A8 -> 4 | B19: ='Defect Log'!B8 -> 46268 | C19: ='Defect Log'!G8 -> B104 | D19: ='Defect Log'!K8 -> 16.4 | E19: =$C$4 -> 12
A20: ='Defect Log'!A9 -> 5 | B20: ='Defect Log'!B9 -> 46270 | C20: ='Defect Log'!G9 -> B101 | D20: ='Defect Log'!K9 -> 20.8 | E20: =$C$4 -> 12
A21: ='Defect Log'!A10 -> 6 | B21: ='Defect Log'!B10 -> 46253 | C21: ='Defect Log'!G10 -> B104 | D21: ='Defect Log'!K10 -> 19.3 | E21: =$C$4 -> 12
A22: ='Defect Log'!A11 -> 7 | B22: ='Defect Log'!B11 -> 46280 | C22: ='Defect Log'!G11 -> B103 | D22: ='Defect Log'!K11 -> 10.6 | E22: =$C$4 -> 12
A23: ='Defect Log'!A12 -> 8 | B23: ='Defect Log'!B12 -> 46283 | C23: ='Defect Log'!G12 -> B103 | D23: ='Defect Log'!K12 -> 13 | E23: =$C$4 -> 12
A24: ='Defect Log'!A13 -> 9 | B24: ='Defect Log'!B13 -> 46270 | C24: ='Defect Log'!G13 -> B102 | D24: ='Defect Log'!K13 -> 16.5 | E24: =$C$4 -> 12
A25: ='Defect Log'!A14 -> 10 | B25: ='Defect Log'!B14 -> 46248 | C25: ='Defect Log'!G14 -> B101 | D25: ='Defect Log'!K14 -> 18.9 | E25: =$C$4 -> 12
A26: ='Defect Log'!A15 -> 11 | B26: ='Defect Log'!B15 -> 46289 | C26: ='Defect Log'!G15 -> B103 | D26: ='Defect Log'!K15 -> 11.8 | E26: =$C$4 -> 12
A27: ='Defect Log'!A16 -> 12 | B27: ='Defect Log'!B16 -> 46239 | C27: ='Defect Log'!G16 -> B103 | D27: ='Defect Log'!K16 -> 9.7 | E27: =$C$4 -> 12
... A65: ='Defect Log'!A54 -> 50 | B65: ='Defect Log'!B54 -> 46292 | C65: ='Defect Log'!G54 -> B103 | D65: ='Defect Log'!K54 -> 11.8 | E65: =$C$4 -> 12

Sheet Root Cause Correlation
A1: 3. Root Cause Correlation — Adhesion Failure vs Adhesive Batch & Shift
A2: Cross-tabs surface the pattern a manual scan of 50 rows would likely miss
A4: Adhesion Failures by Adhesive Batch
A5: Adhesive Batch | B5: Total Jobs | C5: Adhesion Failures | D5: Failure Rate
A6: B101 | B6: =COUNTIF('Defect Log'!$G$5:$G$54,A6) -> 8 | C6: =COUNTIFS('Defect Log'!$G$5:$G$54,A6,'Defect Log'!$H$5:$H$54,"Adhesion Failure") -> 2 | D6: =IF(B6=0,0,C6/B6) -> 0.25
A7: B102 | B7: =COUNTIF('Defect Log'!$G$5:$G$54,A7) -> 10 | C7: =COUNTIFS('Defect Log'!$G$5:$G$54,A7,'Defect Log'!$H$5:$H$54,"Adhesion Failure") -> 2 | D7: =IF(B7=0,0,C7/B7) -> 0.2
A8: B103 | B8: =COUNTIF('Defect Log'!$G$5:$G$54,A8) -> 23 | C8: =COUNTIFS('Defect Log'!$G$5:$G$54,A8,'Defect Log'!$H$5:$H$54,"Adhesion Failure") -> 16 | D8: =IF(B8=0,0,C8/B8) -> 0.69565217
A9: B104 | B9: =COUNTIF('Defect Log'!$G$5:$G$54,A9) -> 9 | C9: =COUNTIFS('Defect Log'!$G$5:$G$54,A9,'Defect Log'!$H$5:$H$54,"Adhesion Failure") -> 3 | D9: =IF(B9=0,0,C9/B9) -> 0.33333333
A12: Adhesion Failures by Shift
A13: Shift | B13: Total Jobs | C13: Adhesion Failures | D13: Failure Rate
A14: A | B14: =COUNTIF('Defect Log'!$E$5:$E$54,A14) -> 13 | C14: =COUNTIFS('Defect Log'!$E$5:$E$54,A14,'Defect Log'!$H$5:$H$54,"Adhesion Failure") -> 6 | D14: =IF(B14=0,0,C14/B14) -> 0.46153846
A15: B | B15: =COUNTIF('Defect Log'!$E$5:$E$54,A15) -> 19 | C15: =COUNTIFS('Defect Log'!$E$5:$E$54,A15,'Defect Log'!$H$5:$H$54,"Adhesion Failure") -> 10 | D15: =IF(B15=0,0,C15/B15) -> 0.52631579
A16: C | B16: =COUNTIF('Defect Log'!$E$5:$E$54,A16) -> 18 | C16: =COUNTIFS('Defect Log'!$E$5:$E$54,A16,'Defect Log'!$H$5:$H$54,"Adhesion Failure") -> 7 | D16: =IF(B16=0,0,C16/B16) -> 0.38888889
A18: If one batch's failure rate is far above the others, that batch (not the operator or shift) is the root cause — redirect QA to incoming raw-material inspection.

Sheet Predictive Alert
A1: 4. Predictive Quality Alert — Threshold Rule on Inline Reading
A2: Flags a job as at-risk from its Bond Strength reading, before a defect is even logged
A4: Alert Threshold (buffer above LSL, N/15mm) | C4: 14
A5: (LSL is 12 on the Control Chart & Cpk sheet — this alert fires earlier, before the job is actually out of spec)
A7: Log ID | B7: Date | C7: SKU | D7: Adhesive Batch | E7: Bond Strength | F7: Alert Status
A8: ='Defect Log'!A5 -> 1 | B8: ='Defect Log'!B5 -> 46263 | C8: ='Defect Log'!C5 -> SKU-C | D8: ='Defect Log'!G5 -> B103 | E8: ='Defect Log'!K5 -> 9.1 | F8: =IF(E8<$C$4,"AT RISK - Hold for QC","OK") -> AT RISK - Hold for QC
A9: ='Defect Log'!A6 -> 2 | B9: ='Defect Log'!B6 -> 46244 | C9: ='Defect Log'!C6 -> SKU-A | D9: ='Defect Log'!G6 -> B102 | E9: ='Defect Log'!K6 -> 15.7 | F9: =IF(E9<$C$4,"AT RISK - Hold for QC","OK") -> OK
A10: ='Defect Log'!A7 -> 3 | B10: ='Defect Log'!B7 -> 46268 | C10: ='Defect Log'!C7 -> SKU-A | D10: ='Defect Log'!G7 -> B101 | E10: ='Defect Log'!K7 -> 18.3 | F10: =IF(E10<$C$4,"AT RISK - Hold for QC","OK") -> OK
A11: ='Defect Log'!A8 -> 4 | B11: ='Defect Log'!B8 -> 46268 | C11: ='Defect Log'!C8 -> SKU-A | D11: ='Defect Log'!G8 -> B104 | E11: ='Defect Log'!K8 -> 16.4 | F11: =IF(E11<$C$4,"AT RISK - Hold for QC","OK") -> OK
A12: ='Defect Log'!A9 -> 5 | B12: ='Defect Log'!B9 -> 46270 | C12: ='Defect Log'!C9 -> SKU-A | D12: ='Defect Log'!G9 -> B101 | E12: ='Defect Log'!K9 -> 20.8 | F12: =IF(E12<$C$4,"AT RISK - Hold for QC","OK") -> OK
A13: ='Defect Log'!A10 -> 6 | B13: ='Defect Log'!B10 -> 46253 | C13: ='Defect Log'!C10 -> SKU-B | D13: ='Defect Log'!G10 -> B104 | E13: ='Defect Log'!K10 -> 19.3 | F13: =IF(E13<$C$4,"AT RISK - Hold for QC","OK") -> OK
A14: ='Defect Log'!A11 -> 7 | B14: ='Defect Log'!B11 -> 46280 | C14: ='Defect Log'!C11 -> SKU-B | D14: ='Defect Log'!G11 -> B103 | E14: ='Defect Log'!K11 -> 10.6 | F14: =IF(E14<$C$4,"AT RISK - Hold for QC","OK") -> AT RISK - Hold for QC
A15: ='Defect Log'!A12 -> 8 | B15: ='Defect Log'!B12 -> 46283 | C15: ='Defect Log'!C12 -> SKU-A | D15: ='Defect Log'!G12 -> B103 | E15: ='Defect Log'!K12 -> 13 | F15: =IF(E15<$C$4,"AT RISK - Hold for QC","OK") -> AT RISK - Hold for QC
A16: ='Defect Log'!A13 -> 9 | B16: ='Defect Log'!B13 -> 46270 | C16: ='Defect Log'!C13 -> SKU-A | D16: ='Defect Log'!G13 -> B102 | E16: ='Defect Log'!K13 -> 16.5 | F16: =IF(E16<$C$4,"AT RISK - Hold for QC","OK") -> OK
A17: ='Defect Log'!A14 -> 10 | B17: ='Defect Log'!B14 -> 46248 | C17: ='Defect Log'!C14 -> SKU-A | D17: ='Defect Log'!G14 -> B101 | E17: ='Defect Log'!K14 -> 18.9 | F17: =IF(E17<$C$4,"AT RISK - Hold for QC","OK") -> OK
A18: ='Defect Log'!A15 -> 11 | B18: ='Defect Log'!B15 -> 46289 | C18: ='Defect Log'!C15 -> SKU-C | D18: ='Defect Log'!G15 -> B103 | E18: ='Defect Log'!K15 -> 11.8 | F18: =IF(E18<$C$4,"AT RISK - Hold for QC","OK") -> AT RISK - Hold for QC
A19: ='Defect Log'!A16 -> 12 | B19: ='Defect Log'!B16 -> 46239 | C19: ='Defect Log'!C16 -> SKU-A | D19: ='Defect Log'!G16 -> B103 | E19: ='Defect Log'!K16 -> 9.7 | F19: =IF(E19<$C$4,"AT RISK - Hold for QC","OK") -> AT RISK - Hold for QC
... A57: ='Defect Log'!A54 -> 50 | B57: ='Defect Log'!B54 -> 46292 | C57: ='Defect Log'!C54 -> SKU-C | D57: ='Defect Log'!G54 -> B103 | E57: ='Defect Log'!K54 -> 11.8 | F57: =IF(E57<$C$4,"AT RISK - Hold for QC","OK") -> AT RISK - Hold for QC
A59: This is rule-based (a fixed threshold). A more advanced version trains a classifier on which combinations of readings actually preceded a real defect, and predicts risk as a probability instead of a hard cutoff.

Sheet Cost of Quality
A1: 5. Cost of Poor Quality (COPQ) Rollup
A2: Ties defect data straight to the P&L
A4: Cost Assumptions
A5: Scrap Cost per Rejected Roll (INR) | C5: 1800
A6: Rework Cost per Hour (INR) | C6: 450
A7: Monthly Production Cost — Aug (INR) | C7: 4200000
A8: Monthly Production Cost — Sep (INR) | C8: 4450000
A9: Customer Credit Notes — Aug (INR) | C9: 65000
A10: Customer Credit Notes — Sep (INR) | C10: 42000
A13: Month | B13: Scrap Cost (INR) | C13: Rework Cost (INR) | D13: Customer Credits (INR) | E13: Total COPQ (INR) | F13: Production Cost (INR) | G13: COPQ % of Production Cost
A14: Aug-2026 | B14: =SUMPRODUCT(('Defect Log'!$I$5:$I$54)*(MONTH('Defect Log'!$B$5:$B$54)=8))*$C$5 -> 162000 | C14: =SUMPRODUCT(('Defect Log'!$J$5:$J$54)*(MONTH('Defect Log'!$B$5:$B$54)=8))*$C$6 -> 26280 | D14: =$C$9 -> 65000 | E14: =B14+C14+D14 -> 253280 | F14: =$C$7 -> 4200000 | G14: =E14/F14 -> 0.060304762
A15: Sep-2026 | B15: =SUMPRODUCT(('Defect Log'!$I$5:$I$54)*(MONTH('Defect Log'!$B$5:$B$54)=9))*$C$5 -> 144000 | C15: =SUMPRODUCT(('Defect Log'!$J$5:$J$54)*(MONTH('Defect Log'!$B$5:$B$54)=9))*$C$6 -> 22995 | D15: =$C$10 -> 42000 | E15: =B15+C15+D15 -> 208995 | F15: =$C$8 -> 4450000 | G15: =E15/F15 -> 0.046965169
A17: COPQ = Scrap + Rework + Customer Credits. Tracking this monthly turns 'we had some rejects' into a number the CFO reacts to.

Sheet Copilot Prompts
A1: How Operations Used Copilot to Build This Quality Model
A2: Training reference: prompt sequence covering points 1-6, and what Copilot generated
A4: Step | B4: Prompt Typed Into Copilot | C4: What Copilot Built / Which Cells
A5: 1. Pareto | B5: From this defect log, total the rejected quantity by defect type, sort descending, and add cumulative percentage. | C5: 'Pareto Analysis'!A5:D10 — SUMIF per defect type, % of total, running cumulative %, plus a combo bar/line chart.
A6: 2. Cpk | B6: Using the Bond Strength column, calculate the mean, standard deviation, and one-sided Cpk against a lower spec limit of 12. | C6: 'Control Chart & Cpk'!C6:C9 — AVERAGE, STDEV, and Cpk = (Mean-LSL)/(3xStdDev), plus a run chart of every reading vs the spec limit.
A7: 3. Root cause | B7: Break down Adhesion Failure count and rate by Adhesive Batch, and separately by Shift, so I can see which one is really driving the defect. | C7: 'Root Cause Correlation'!A5:D12 — COUNTIF/COUNTIFS cross-tabs for batch and shift, with failure rate = failures / total jobs.
A8: 4. Predictive alert | B8: Flag any job where Bond Strength is below 14 (above the 12 spec) as 'AT RISK - Hold for QC', even if it wasn't logged as a defect. | C8: 'Predictive Alert'!F8:F57 — an IF rule against a threshold input cell, one row per job, ahead of the official reject log.
A9: 5. Cost of Quality | B9: Roll up scrap cost, rework cost, and customer credit notes into a single Cost of Poor Quality number for August and September, as a % of that month's production cost. | C9: 'Cost of Quality'!B14:G15 — SUMPRODUCT with a MONTH() condition for scrap/rework, credits and production cost pulled in, COPQ % calculated.
A10: 6. NL Q&A agent | B10: Why did Adhesion Failure rejects spike in the last two weeks of data? | C10: This one Copilot in Excel can't answer well on its own — it's a natural-language question over live data, which is exactly what a Copilot Studio agent is built for (see the separate agent walkthrough).
