Workbook

Sheet Trial Data
A1: PEREPA EDU — R&D Lab: Ink Adhesion Trial Data (DOE)
A2: 30 lab trials on BOPP film — varying Corona Treatment, Cure Temp, Resin %, Line Speed
A4: Trial No | B4: Substrate | C4: Corona Treatment (dyne, mN/m) | D4: Cure Temp (C) | E4: Resin (%) | F4: Line Speed (m/min) | G4: Peel Strength (N/15mm) | H4: Pass/Fail (Spec >=3.0)
A5: 1 | B5: BOPP | C5: 32.3 | D5: 168 | E5: 13.1 | F5: 114 | G5: 1.63 | H5: FAIL
A6: 2 | B6: BOPP | C6: 41.3 | D6: 160 | E6: 12 | F6: 97 | G6: 3.36 | H6: PASS
A7: 3 | B7: BOPP | C7: 30 | D7: 155 | E7: 12.7 | F7: 85 | G7: 1.12 | H7: FAIL
A8: 4 | B8: BOPP | C8: 33.3 | D8: 142 | E8: 16 | F8: 132 | G8: 1.29 | H8: FAIL
A9: 5 | B9: BOPP | C9: 42.3 | D9: 165 | E9: 8.3 | F9: 103 | G9: 3.04 | H9: PASS
A10: 6 | B10: BOPP | C10: 43.3 | D10: 155 | E10: 9.2 | F10: 137 | G10: 3.24 | H10: PASS
A11: 7 | B11: BOPP | C11: 31.7 | D11: 177 | E11: 11.6 | F11: 119 | G11: 1.37 | H11: FAIL
A12: 8 | B12: BOPP | C12: 32.6 | D12: 141 | E12: 14.9 | F12: 96 | G12: 1.6 | H12: FAIL
A13: 9 | B13: BOPP | C13: 40.9 | D13: 148 | E13: 15.8 | F13: 143 | G13: 2.74 | H13: FAIL
A14: 10 | B14: BOPP | C14: 38.1 | D14: 169 | E14: 9 | F14: 113 | G14: 2.09 | H14: FAIL
A15: 11 | B15: BOPP | C15: 41.6 | D15: 148 | E15: 15.4 | F15: 142 | G15: 2.65 | H15: FAIL
A16: 12 | B16: BOPP | C16: 36.3 | D16: 155 | E16: 16 | F16: 107 | G16: 2.18 | H16: FAIL
... A34: 30 | B34: BOPP | C34: 30.4 | D34: 158 | E34: 9.1 | F34: 141 | G34: 1.26 | H34: FAIL
A36: Blue cells = trial inputs/readings. Peel Strength is measured on a tensile tester per ASTM/customer spec.

Sheet Correlation & Regression
A1: Which Variable Actually Drives Adhesion Failure?
A2: Single-factor correlation and regression of each trial variable against Peel Strength
A4: Factor | B4: Correlation (r) with Peel Strength | C4: R-Squared | D4: Slope | E4: Intercept | F4: Interpretation
A5: Corona Treatment (dyne) | B5: =CORREL('Trial Data'!$C$5:$C$34,'Trial Data'!$G$5:$G$34) -> 0.94173955 | C5: =RSQ('Trial Data'!$G$5:$G$34,'Trial Data'!$C$5:$C$34) -> 0.88687338 | D5: =SLOPE('Trial Data'!$G$5:$G$34,'Trial Data'!$C$5:$C$34) -> 0.15974204 | E5: =INTERCEPT('Trial Data'!$G$5:$G$34,'Trial Data'!$C$5:$C$34) -> -3.6556169 | F5: =IF(ABS(B5)>=0.6,"Strong driver",IF(ABS(B5)>=0.3,"Moderate","Weak / noise")) -> Strong driver
A6: Cure Temp (C) | B6: =CORREL('Trial Data'!$D$5:$D$34,'Trial Data'!$G$5:$G$34) -> 0.13193714 | C6: =RSQ('Trial Data'!$G$5:$G$34,'Trial Data'!$D$5:$D$34) -> 0.017407409 | D6: =SLOPE('Trial Data'!$G$5:$G$34,'Trial Data'!$D$5:$D$34) -> 0.0082338051 | E6: =INTERCEPT('Trial Data'!$G$5:$G$34,'Trial Data'!$D$5:$D$34) -> 1.0398076 | F6: =IF(ABS(B6)>=0.6,"Strong driver",IF(ABS(B6)>=0.3,"Moderate","Weak / noise")) -> Weak / noise
A7: Resin (%) | B7: =CORREL('Trial Data'!$E$5:$E$34,'Trial Data'!$G$5:$G$34) -> -0.15883725 | C7: =RSQ('Trial Data'!$G$5:$G$34,'Trial Data'!$E$5:$E$34) -> 0.025229274 | D7: =SLOPE('Trial Data'!$G$5:$G$34,'Trial Data'!$E$5:$E$34) -> -0.04540772 | E7: =INTERCEPT('Trial Data'!$G$5:$G$34,'Trial Data'!$E$5:$E$34) -> 2.9213619 | F7: =IF(ABS(B7)>=0.6,"Strong driver",IF(ABS(B7)>=0.3,"Moderate","Weak / noise")) -> Weak / noise
A8: Line Speed (m/min) | B8: =CORREL('Trial Data'!$F$5:$F$34,'Trial Data'!$G$5:$G$34) -> -0.013950371 | C8: =RSQ('Trial Data'!$G$5:$G$34,'Trial Data'!$F$5:$F$34) -> 0.00019461284 | D8: =SLOPE('Trial Data'!$G$5:$G$34,'Trial Data'!$F$5:$F$34) -> -0.00050807119 | E8: =INTERCEPT('Trial Data'!$G$5:$G$34,'Trial Data'!$F$5:$F$34) -> 2.4195414 | F8: =IF(ABS(B8)>=0.6,"Strong driver",IF(ABS(B8)>=0.3,"Moderate","Weak / noise")) -> Weak / noise
A11: Prediction Using Dominant Factor (Corona Treatment)
A12: Trial No | B12: Corona (dyne) | C12: Actual Peel | D12: Predicted Peel (from Corona only) | E12: Residual
A13: ='Trial Data'!A5 -> 1 | B13: ='Trial Data'!C5 -> 32.3 | C13: ='Trial Data'!G5 -> 1.63 | D13: =$D$5*B13+$E$5 -> 1.504051 | E13: =C13-D13 -> 0.12594895
A14: ='Trial Data'!A6 -> 2 | B14: ='Trial Data'!C6 -> 41.3 | C14: ='Trial Data'!G6 -> 3.36 | D14: =$D$5*B14+$E$5 -> 2.9417294 | E14: =C14-D14 -> 0.41827059
A15: ='Trial Data'!A7 -> 3 | B15: ='Trial Data'!C7 -> 30 | C15: ='Trial Data'!G7 -> 1.12 | D15: =$D$5*B15+$E$5 -> 1.1366444 | E15: =C15-D15 -> -0.016644354
A16: ='Trial Data'!A8 -> 4 | B16: ='Trial Data'!C8 -> 33.3 | C16: ='Trial Data'!G8 -> 1.29 | D16: =$D$5*B16+$E$5 -> 1.6637931 | E16: =C16-D16 -> -0.37379309
A17: ='Trial Data'!A9 -> 5 | B17: ='Trial Data'!C9 -> 42.3 | C17: ='Trial Data'!G9 -> 3.04 | D17: =$D$5*B17+$E$5 -> 3.1014715 | E17: =C17-D17 -> -0.061471456
A18: ='Trial Data'!A10 -> 6 | B18: ='Trial Data'!C10 -> 43.3 | C18: ='Trial Data'!G10 -> 3.24 | D18: =$D$5*B18+$E$5 -> 3.2612135 | E18: =C18-D18 -> -0.021213496
A19: ='Trial Data'!A11 -> 7 | B19: ='Trial Data'!C11 -> 31.7 | C19: ='Trial Data'!G11 -> 1.37 | D19: =$D$5*B19+$E$5 -> 1.4082058 | E19: =C19-D19 -> -0.038205823
A20: ='Trial Data'!A12 -> 8 | B20: ='Trial Data'!C12 -> 32.6 | C20: ='Trial Data'!G12 -> 1.6 | D20: =$D$5*B20+$E$5 -> 1.5519737 | E20: =C20-D20 -> 0.04802634
A21: ='Trial Data'!A13 -> 9 | B21: ='Trial Data'!C13 -> 40.9 | C21: ='Trial Data'!G13 -> 2.74 | D21: =$D$5*B21+$E$5 -> 2.8778326 | E21: =C21-D21 -> -0.1378326
A22: ='Trial Data'!A14 -> 10 | B22: ='Trial Data'!C14 -> 38.1 | C22: ='Trial Data'!G14 -> 2.09 | D22: =$D$5*B22+$E$5 -> 2.4305549 | E22: =C22-D22 -> -0.34055488
A23: ='Trial Data'!A15 -> 11 | B23: ='Trial Data'!C15 -> 41.6 | C23: ='Trial Data'!G15 -> 2.65 | D23: =$D$5*B23+$E$5 -> 2.989652 | E23: =C23-D23 -> -0.33965203
A24: ='Trial Data'!A16 -> 12 | B24: ='Trial Data'!C16 -> 36.3 | C24: ='Trial Data'!G16 -> 2.18 | D24: =$D$5*B24+$E$5 -> 2.1430192 | E24: =C24-D24 -> 0.036980789
... A42: ='Trial Data'!A34 -> 30 | B42: ='Trial Data'!C34 -> 30.4 | C42: ='Trial Data'!G34 -> 1.26 | D42: =$D$5*B42+$E$5 -> 1.2005412 | E42: =C42-D42 -> 0.05945883
A44: Corona Treatment shows the strongest correlation — Cure Temp is a minor factor, Resin % and Line Speed are noise. That is the DOE answer to 'why is it not adhering.'

Sheet Root Cause Diagnostic
A1: New Complaint — Root Cause Diagnostic
A2: Feed a customer complaint's readings in; the model flags the likely cause using the trial regression
A4: Customer Spec — Minimum Peel Strength (N/15mm) | D4: 3
A5: Recommended Minimum Corona Treatment (dyne) | D5: 36
A7: New Complaint Reading
A8: Parameter | B8: Value | C8: Recommended / Spec | D8: Flag
A9: Corona Treatment (dyne) | B9: 33.5 | C9: =$D$5 -> 36 | D9: =IF(B9<C9,"BELOW RECOMMENDED - likely root cause","OK") -> BELOW RECOMMENDED - likely root cause
A10: Cure Temp (C) | B10: 165 | C10: 160 | D10: =IF(B10<C10,"Below typical - minor factor","OK") -> OK
A11: Resin (%) | B11: 10.5 | C11: 12 | D11: =IF(ABS(B11-C11)>3,"Check formulation - minor factor","OK") -> OK
A13: Predicted Peel Strength (from trial regression, Corona-based) | D13: ='Correlation & Regression'!$D$5*B9+'Correlation & Regression'!$E$5 -> 1.6957415
A14: Predicted Result vs Spec | D14: =IF(D13>=D4,"Predicted PASS","Predicted FAIL - Corona treatment is the likely root cause") -> Predicted FAIL - Corona treatment is the likely root cause
A16: This mirrors what a technical service engineer would do on-site: check corona level first (dominant factor from the DOE), not blame the ink formulation by default.

Sheet Copilot Prompts
A1: How R&D Used Copilot to Build This DOE / Root-Cause Model
A2: Training reference: prompt sequence and what Copilot generated
A4: Step | B4: Prompt Typed Into Copilot | C4: What Copilot Built / Which Cells
A5: 1 | B5: I have 30 adhesion trials varying corona treatment, cure temp, resin %, and line speed, with peel strength as the outcome. Tell me which variable most affects peel strength. | C5: 'Correlation & Regression'!A5:F8 — CORREL and RSQ for each factor against Peel Strength, with a plain-English interpretation column (Strong/Moderate/Weak).
A6: 2 | B6: Build a simple regression line using only the strongest factor, and show me predicted vs actual peel strength for every trial, with the residual. | C6: 'Correlation & Regression'!D5:E5 (SLOPE/INTERCEPT) and A9:E42 (predicted peel and residual per trial), plus a scatter chart of Peel Strength vs Corona Treatment.
A7: 3 | B7: A customer just complained about adhesion failure. Given their corona treatment, cure temp, and resin % readings, tell me the likely root cause and whether it would pass or fail our spec. | C7: 'Root Cause Diagnostic'!A7:D14 — an IF-based flag per parameter against recommended values, plus a predicted peel strength using the trial regression, and a pass/fail call.
A8: 4 | B8: Summarize this whole analysis in plain language for a technical service report I can send to the customer's plant manager. | C8: Not built as a formula — this is where you'd ask Copilot (or Claude) to turn the numeric findings into a written explanation, the same way the chat explanation above was drafted.
A10: Teaching point:
A11: This is the R&D version of the same pattern from Operations: describe the business/technical question precisely, let Copilot build the statistics, then verify the tool picked the right variable — a chemist who doesn't know a little regression can't tell a good answer from a plausible-sounding wrong one.
