Workbook

Sheet RM Master
A1: PEREPA EDU — Raw Material Master with Regulatory Status
A2: 16 key raw materials for a packaging ink manufacturer, with compliance and stock data
A4: RM Code | B4: Material Name | C4: Category | D4: Supplier | E4: Used in Food-Contact Formulation? | F4: Food-Contact Approved? | G4: REACH Registered? | H4: SDS on File? | I4: CoA on File? | J4: Migration Limit Status | K4: Stock Qty (kg) | L4: Reorder Point (kg) | M4: Registration Expiry Date | N4: Batch Shelf-Life Expiry Date
A5: RM-101 | B5: Acrylic Resin AR-40 | C5: Resin | D5: Allnex India | E5: Y | F5: Y | G5: Y | H5: Y | I5: Y | J5: Pass | K5: 1250 | L5: 400 | M5: 46568 | N5: 46371
A6: RM-102 | B6: Polyamide Resin PA-12 | C6: Resin | D6: Arkema | E6: Y | F6: Y | G6: Y | H6: Y | I6: Y | J6: Pass | K6: 680 | L6: 250 | M6: 46477 | N6: 46407
A7: RM-103 | B7: Nitrocellulose Resin NC-A | C7: Resin | D7: Nitrochemie | E7: N | F7: Y | G7: Y | H7: Y | I7: N | J7: Pending | K7: 410 | L7: 200 | M7: 46356 | N7: 46325
A8: RM-201 | B8: Phthalocyanine Blue Pigment | C8: Pigment | D8: Sun Chemical Colors | E8: Y | F8: Y | G8: Y | H8: Y | I8: Y | J8: Pass | K8: 320 | L8: 100 | M8: 46630 | N8: 46492
A9: RM-202 | B9: Titanium Dioxide (Rutile) | C9: Pigment | D9: Kronos | E9: Y | F9: Y | G9: Y | H9: Y | I9: Y | J9: Pass | K9: 560 | L9: 200 | M9: 46783 | N9: 46568
A10: RM-203 | B10: Azo Yellow Pigment (Legacy) | C10: Pigment | D10: Local Supplier Co | E10: Y | F10: N | G10: N | H10: Y | I10: N | J10: Fail | K10: 95 | L10: 50 | M10: 46310 | N10: 46331
A11: RM-204 | B11: Carbon Black Pigment | C11: Pigment | D11: Cabot | E11: N | F11: Y | G11: Y | H11: Y | I11: Y | J11: Pass | K11: 210 | L11: 80 | M11: 46538 | N11: 46446
A12: RM-301 | B12: Ethyl Acetate | C12: Solvent | D12: Godavari Biorefineries | E12: Y | F12: Y | G12: Y | H12: Y | I12: Y | J12: Pass | K12: 2400 | L12: 800 | M12: 46446 | N12: 46387
A13: RM-302 | B13: Isopropyl Alcohol (IPA) | C13: Solvent | D13: Deepak Fertilisers | E13: Y | F13: Y | G13: Y | H13: Y | I13: Y | J13: Pass | K13: 1800 | L13: 600 | M13: 46599 | N13: 46461
A14: RM-303 | B14: Toluene | C14: Solvent | D14: Reliance Industries | E14: N | F14: Y | G14: Y | H14: Y | I14: Y | J14: Pass | K14: 900 | L14: 350 | M14: 46387 | N14: 46346
A15: RM-304 | B15: Methyl Ethyl Ketone (MEK) | C15: Solvent | D15: Local Supplier Co | E15: N | F15: Y | G15: N | H15: N | I15: N | J15: Pending | K15: 640 | L15: 250 | M15: 46326 | N15: 46320
A16: RM-305 | B16: n-Propyl Acetate | C16: Solvent | D16: Godavari Biorefineries | E16: Y | F16: Y | G16: Y | H16: Y | I16: Y | J16: Pass | K16: 1100 | L16: 400 | M16: 46660 | N16: 46517
... A20: RM-404 | B20: Anti-Blocking Additive | C20: Additive | D20: Local Supplier Co | E20: N | F20: N | G20: N | H20: N | I20: N | J20: Fail | K20: 60 | L20: 30 | M20: 46295 | N20: 46305
A22: Blue cells = inputs. In practice this master sits in the ERP/SAP material master, with SDS/CoA/registration data pulled from the regulatory affairs document system.

Sheet Compliance Dashboard
A1: Regulatory Compliance Dashboard
A2: Snapshot counts, plus the highest-risk cross-check: non-approved material used in food-contact ink
A4: Metric | B4: Count / Value
A5: Total Raw Materials | B5: =COUNTA('RM Master'!$A$5:$A$20) -> 16
A6: Food-Contact Approved (Y) | B6: =COUNTIF('RM Master'!$F$5:$F$20,"Y") -> 14
A7: REACH Registered (Y) | B7: =COUNTIF('RM Master'!$G$5:$G$20,"Y") -> 13
A8: Missing SDS | B8: =COUNTIF('RM Master'!$H$5:$H$20,"N") -> 3
A9: Missing CoA | B9: =COUNTIF('RM Master'!$I$5:$I$20,"N") -> 4
A10: Migration Status = Fail | B10: =COUNTIF('RM Master'!$J$5:$J$20,"Fail") -> 2
A11: Migration Status = Pending | B11: =COUNTIF('RM Master'!$J$5:$J$20,"Pending") -> 3
A14: HIGH-RISK CROSS-CHECK: Used in Food-Contact Formulation but NOT Food-Contact Approved
A15: RM Code | B15: Material Name | C15: Used in Food-Contact? | D15: Food-Contact Approved?
A16: ='RM Master'!A5 -> RM-101 | B16: ='RM Master'!B5 -> Acrylic Resin AR-40 | C16: ='RM Master'!E5 -> Y | D16: ='RM Master'!F5 -> Y
A17: ='RM Master'!A6 -> RM-102 | B17: ='RM Master'!B6 -> Polyamide Resin PA-12 | C17: ='RM Master'!E6 -> Y | D17: ='RM Master'!F6 -> Y
A18: ='RM Master'!A7 -> RM-103 | B18: ='RM Master'!B7 -> Nitrocellulose Resin NC-A | C18: ='RM Master'!E7 -> N | D18: ='RM Master'!F7 -> Y
A19: ='RM Master'!A8 -> RM-201 | B19: ='RM Master'!B8 -> Phthalocyanine Blue Pigment | C19: ='RM Master'!E8 -> Y | D19: ='RM Master'!F8 -> Y
A20: ='RM Master'!A9 -> RM-202 | B20: ='RM Master'!B9 -> Titanium Dioxide (Rutile) | C20: ='RM Master'!E9 -> Y | D20: ='RM Master'!F9 -> Y
A21: ='RM Master'!A10 -> RM-203 | B21: ='RM Master'!B10 -> Azo Yellow Pigment (Legacy) | C21: ='RM Master'!E10 -> Y | D21: ='RM Master'!F10 -> N
A22: ='RM Master'!A11 -> RM-204 | B22: ='RM Master'!B11 -> Carbon Black Pigment | C22: ='RM Master'!E11 -> N | D22: ='RM Master'!F11 -> Y
A23: ='RM Master'!A12 -> RM-301 | B23: ='RM Master'!B12 -> Ethyl Acetate | C23: ='RM Master'!E12 -> Y | D23: ='RM Master'!F12 -> Y
A24: ='RM Master'!A13 -> RM-302 | B24: ='RM Master'!B13 -> Isopropyl Alcohol (IPA) | C24: ='RM Master'!E13 -> Y | D24: ='RM Master'!F13 -> Y
A25: ='RM Master'!A14 -> RM-303 | B25: ='RM Master'!B14 -> Toluene | C25: ='RM Master'!E14 -> N | D25: ='RM Master'!F14 -> Y
A26: ='RM Master'!A15 -> RM-304 | B26: ='RM Master'!B15 -> Methyl Ethyl Ketone (MEK) | C26: ='RM Master'!E15 -> N | D26: ='RM Master'!F15 -> Y
A27: ='RM Master'!A16 -> RM-305 | B27: ='RM Master'!B16 -> n-Propyl Acetate | C27: ='RM Master'!E16 -> Y | D27: ='RM Master'!F16 -> Y
... A31: ='RM Master'!A20 -> RM-404 | B31: ='RM Master'!B20 -> Anti-Blocking Additive | C31: ='RM Master'!E20 -> N | D31: ='RM Master'!F20 -> N
A33: Any row shaded red here is a live compliance breach in progress — a non-food-contact-approved material is being used in a food-contact ink. This should stop production, not wait for the next audit.

Sheet Expiry & Renewal Tracker
A1: Registration & Shelf-Life Expiry Tracker
A2: Flags anything overdue or due within the alert window
A4: Reference (Today's) Date | C4: 46327
A5: Alert Window (days) | C5: 90
A7: RM Code | B7: Material Name | C7: Registration Expiry | D7: Days to Reg. Expiry | E7: Reg. Status | F7: Batch Shelf-Life Expiry | G7: Days to Shelf Expiry | H7: Shelf Status
A8: ='RM Master'!A5 -> RM-101 | B8: ='RM Master'!B5 -> Acrylic Resin AR-40 | C8: ='RM Master'!M5 -> 46568 | D8: =C8-$C$4 -> 241 | E8: =IF(D8<0,"OVERDUE - RENEW NOW",IF(D8<=$C$5,"DUE SOON","OK")) -> OK | F8: ='RM Master'!N5 -> 46371 | G8: =F8-$C$4 -> 44 | H8: =IF(G8<0,"EXPIRED - DO NOT USE",IF(G8<=$C$5,"USE SOON","OK")) -> USE SOON
A9: ='RM Master'!A6 -> RM-102 | B9: ='RM Master'!B6 -> Polyamide Resin PA-12 | C9: ='RM Master'!M6 -> 46477 | D9: =C9-$C$4 -> 150 | E9: =IF(D9<0,"OVERDUE - RENEW NOW",IF(D9<=$C$5,"DUE SOON","OK")) -> OK | F9: ='RM Master'!N6 -> 46407 | G9: =F9-$C$4 -> 80 | H9: =IF(G9<0,"EXPIRED - DO NOT USE",IF(G9<=$C$5,"USE SOON","OK")) -> USE SOON
A10: ='RM Master'!A7 -> RM-103 | B10: ='RM Master'!B7 -> Nitrocellulose Resin NC-A | C10: ='RM Master'!M7 -> 46356 | D10: =C10-$C$4 -> 29 | E10: =IF(D10<0,"OVERDUE - RENEW NOW",IF(D10<=$C$5,"DUE SOON","OK")) -> DUE SOON | F10: ='RM Master'!N7 -> 46325 | G10: =F10-$C$4 -> -2 | H10: =IF(G10<0,"EXPIRED - DO NOT USE",IF(G10<=$C$5,"USE SOON","OK")) -> EXPIRED - DO NOT USE
A11: ='RM Master'!A8 -> RM-201 | B11: ='RM Master'!B8 -> Phthalocyanine Blue Pigment | C11: ='RM Master'!M8 -> 46630 | D11: =C11-$C$4 -> 303 | E11: =IF(D11<0,"OVERDUE - RENEW NOW",IF(D11<=$C$5,"DUE SOON","OK")) -> OK | F11: ='RM Master'!N8 -> 46492 | G11: =F11-$C$4 -> 165 | H11: =IF(G11<0,"EXPIRED - DO NOT USE",IF(G11<=$C$5,"USE SOON","OK")) -> OK
A12: ='RM Master'!A9 -> RM-202 | B12: ='RM Master'!B9 -> Titanium Dioxide (Rutile) | C12: ='RM Master'!M9 -> 46783 | D12: =C12-$C$4 -> 456 | E12: =IF(D12<0,"OVERDUE - RENEW NOW",IF(D12<=$C$5,"DUE SOON","OK")) -> OK | F12: ='RM Master'!N9 -> 46568 | G12: =F12-$C$4 -> 241 | H12: =IF(G12<0,"EXPIRED - DO NOT USE",IF(G12<=$C$5,"USE SOON","OK")) -> OK
A13: ='RM Master'!A10 -> RM-203 | B13: ='RM Master'!B10 -> Azo Yellow Pigment (Legacy) | C13: ='RM Master'!M10 -> 46310 | D13: =C13-$C$4 -> -17 | E13: =IF(D13<0,"OVERDUE - RENEW NOW",IF(D13<=$C$5,"DUE SOON","OK")) -> OVERDUE - RENEW NOW | F13: ='RM Master'!N10 -> 46331 | G13: =F13-$C$4 -> 4 | H13: =IF(G13<0,"EXPIRED - DO NOT USE",IF(G13<=$C$5,"USE SOON","OK")) -> USE SOON
A14: ='RM Master'!A11 -> RM-204 | B14: ='RM Master'!B11 -> Carbon Black Pigment | C14: ='RM Master'!M11 -> 46538 | D14: =C14-$C$4 -> 211 | E14: =IF(D14<0,"OVERDUE - RENEW NOW",IF(D14<=$C$5,"DUE SOON","OK")) -> OK | F14: ='RM Master'!N11 -> 46446 | G14: =F14-$C$4 -> 119 | H14: =IF(G14<0,"EXPIRED - DO NOT USE",IF(G14<=$C$5,"USE SOON","OK")) -> OK
A15: ='RM Master'!A12 -> RM-301 | B15: ='RM Master'!B12 -> Ethyl Acetate | C15: ='RM Master'!M12 -> 46446 | D15: =C15-$C$4 -> 119 | E15: =IF(D15<0,"OVERDUE - RENEW NOW",IF(D15<=$C$5,"DUE SOON","OK")) -> OK | F15: ='RM Master'!N12 -> 46387 | G15: =F15-$C$4 -> 60 | H15: =IF(G15<0,"EXPIRED - DO NOT USE",IF(G15<=$C$5,"USE SOON","OK")) -> USE SOON
A16: ='RM Master'!A13 -> RM-302 | B16: ='RM Master'!B13 -> Isopropyl Alcohol (IPA) | C16: ='RM Master'!M13 -> 46599 | D16: =C16-$C$4 -> 272 | E16: =IF(D16<0,"OVERDUE - RENEW NOW",IF(D16<=$C$5,"DUE SOON","OK")) -> OK | F16: ='RM Master'!N13 -> 46461 | G16: =F16-$C$4 -> 134 | H16: =IF(G16<0,"EXPIRED - DO NOT USE",IF(G16<=$C$5,"USE SOON","OK")) -> OK
A17: ='RM Master'!A14 -> RM-303 | B17: ='RM Master'!B14 -> Toluene | C17: ='RM Master'!M14 -> 46387 | D17: =C17-$C$4 -> 60 | E17: =IF(D17<0,"OVERDUE - RENEW NOW",IF(D17<=$C$5,"DUE SOON","OK")) -> DUE SOON | F17: ='RM Master'!N14 -> 46346 | G17: =F17-$C$4 -> 19 | H17: =IF(G17<0,"EXPIRED - DO NOT USE",IF(G17<=$C$5,"USE SOON","OK")) -> USE SOON
A18: ='RM Master'!A15 -> RM-304 | B18: ='RM Master'!B15 -> Methyl Ethyl Ketone (MEK) | C18: ='RM Master'!M15 -> 46326 | D18: =C18-$C$4 -> -1 | E18: =IF(D18<0,"OVERDUE - RENEW NOW",IF(D18<=$C$5,"DUE SOON","OK")) -> OVERDUE - RENEW NOW | F18: ='RM Master'!N15 -> 46320 | G18: =F18-$C$4 -> -7 | H18: =IF(G18<0,"EXPIRED - DO NOT USE",IF(G18<=$C$5,"USE SOON","OK")) -> EXPIRED - DO NOT USE
A19: ='RM Master'!A16 -> RM-305 | B19: ='RM Master'!B16 -> n-Propyl Acetate | C19: ='RM Master'!M16 -> 46660 | D19: =C19-$C$4 -> 333 | E19: =IF(D19<0,"OVERDUE - RENEW NOW",IF(D19<=$C$5,"DUE SOON","OK")) -> OK | F19: ='RM Master'!N16 -> 46517 | G19: =F19-$C$4 -> 190 | H19: =IF(G19<0,"EXPIRED - DO NOT USE",IF(G19<=$C$5,"USE SOON","OK")) -> OK
... A23: ='RM Master'!A20 -> RM-404 | B23: ='RM Master'!B20 -> Anti-Blocking Additive | C23: ='RM Master'!M20 -> 46295 | D23: =C23-$C$4 -> -32 | E23: =IF(D23<0,"OVERDUE - RENEW NOW",IF(D23<=$C$5,"DUE SOON","OK")) -> OVERDUE - RENEW NOW | F23: ='RM Master'!N20 -> 46305 | G23: =F23-$C$4 -> -22 | H23: =IF(G23<0,"EXPIRED - DO NOT USE",IF(G23<=$C$5,"USE SOON","OK")) -> EXPIRED - DO NOT USE
A25: Red = already overdue/expired (act now). Gold = inside the alert window (renew or reorder before it becomes red).

Sheet Copilot Prompts
A1: How Regulatory/Purchasing Used Copilot to Build This RM Compliance Model
A2: Training reference: prompt sequence and what Copilot generated
A4: Step | B4: Prompt Typed Into Copilot | C4: What Copilot Built / Which Cells
A5: 1 | B5: From this raw material master, count how many are food-contact approved, REACH registered, and how many are missing an SDS or CoA on file. | C5: 'Compliance Dashboard'!A5:B11 — COUNTIF/COUNTA summary metrics.
A6: 2 | B6: Cross-check: find any raw material that IS used in a food-contact formulation but is NOT food-contact approved. This is the highest-risk gap. | C6: 'Compliance Dashboard'!A9:D19 (approx) — a filtered list pulling every RM, with rows where Used=Y and Approved=N flagged red — Copilot can also write this as a single IF/AND formula instead of eyeballing the table.
A7: 3 | B7: For every raw material, calculate days remaining to registration expiry and to batch shelf-life expiry from today's date, and flag anything overdue or due within 90 days. | C7: 'Expiry & Renewal Tracker'!A8:H23 — date subtraction plus nested IF flags for both registration and shelf-life, colour-coded red/gold.
A8: 4 | B8: Draft a short email to Purchasing listing every raw material that needs regulatory renewal or reorder in the next 90 days, in priority order. | C8: A text-generation step off the Expiry & Renewal Tracker table — same 'turn the numbers into a written note' pattern used in the other labs.
